Rdzenie procesora,Przyspieszenie
0,0.
1,1.
2,1.6,
3,2.
4,2.29,
5,2.5,
6,2.67,
7,2.8,
8,2.91,
9,3.
10,3.08,
11,3.14,
12,3.2,
13,3.25,
14,3.29,
15,3.33,
16,3.37,
17,3.4,
18,3.43,
19,3.45,
20,3.48,
21,3.5,
22,3.52,
23,3.54,
24,3.56,
25,3.57,
26,3.59,
27,3.6,
28,3.61,
29,3.63,
30,3.64,
31,3.65,
32,3.66,
33,3.67,
34,3.68,
35,3.68,
36,3.69,
37,3.7,
38,3.71,
39,3.71,
40,3.72,
41,3.73,
42,3.73,
43,3.74,
44,3.74,
45,3.75,
46,3.76,
47,3.76,
48,3.76,
49,3.77,
50,3.77,
51,3.78,
52,3.78,
53,3.79,
54,3.79,
55,3.79,
56,3.8,
57,3.8,
58,3.8,
59,3.81,
60,3.81,
61,3.81,
62,3.82,
63,3.82,
64,3.82,
65,3.82,
66,3.83,
67,3.83,
68,3.83,
69,3.83,
70,3.84,
71,3.84,
72,3.84,
73,3.84,
74,3.84,
75,3.85,
76,3.85,
77,3.85,
78,3.85,
79,3.85,
80,3.86,
81,3.86,
82,3.86,
83,3.86,
84,3.86,
85,3.86,
86,3.87,
87,3.87,
88,3.87,
89,3.87,
90,3.87,
91,3.87,
92,3.87,
93,3.88,
94,3.88,
95,3.88,
96,3.88,
97,3.88,
98,3.88,
99,3.88,
100,3.88,
101,3.88,
102,3.89,
103,3.89,
104,3.89,
105,3.89,
106,3.89,
107,3.89,
108,3.89,
109,3.89,
110,3.89,
111,3.89,
112,3.9,
113,3.9,
114,3.9,
115,3.9,
116,3.9,
117,3.9,
118,3.9,
119,3.9,
120,3.9,
121,3.9,
122,3.9,
123,3.9,
124,3.91,
125,3.91,
126,3.91,
127,3.91,
128,3.91,
129,3.91,
130,3.91,
131,3.91,
132,3.91,
133,3.91,
134,3.91,
135,3.91,
136,3.91,
137,3.91,
138,3.91,
139,3.92,
140,3.92,
141,3.92,
142,3.92,
143,3.92,
144,3.92,
145,3.92,
146,3.92,
147,3.92,
148,3.92,
149,3.92,
150,3.92,
151,3.92,
152,3.92,
153,3.92,
154,3.92,
155,3.92,
156,3.92,
157,3.93,
158,3.93,
159,3.93,
160,3.93,
161,3.93,
162,3.93,
163,3.93,
164,3.93,
165,3.93,
166,3.93,
167,3.93,
168,3.93,
169,3.93,
170,3.93,
171,3.93,
172,3.93,
173,3.93,
174,3.93,
175,3.93,
176,3.93,
177,3.93,
178,3.93,
179,3.93,
180,3.93,
181,3.93,
182,3.94,
183,3.94,
184,3.94,
185,3.94,
186,3.94,
187,3.94,
188,3.94,
189,3.94,
190,3.94,
191,3.94,
192,3.94,
193,3.94,
194,3.94,
195,3.94,
196,3.94,
197,3.94,
198,3.94,
199,3.94,
200,3.94,
201,3.94,
202,3.94,
203,3.94,
204,3.94,
205,3.94,
206,3.94,
207,3.94,
208,3.94,
209,3.94,
210,3.94,
211,3.94,
212,3.94,
213,3.94,
214,3.94,
215,3.94,
216,3.95,
217,3.95,
218,3.95,
219,3.95,
220,3.95,
221,3.95,
222,3.95,
223,3.95,
224,3.95,
225,3.95,
226,3.95,
227,3.95,
228,3.95,
229,3.95,
230,3.95,
231,3.95,
232,3.95,
233,3.95,
234,3.95,
235,3.95,
236,3.95,
237,3.95,
238,3.95,
239,3.95,
240,3.95,
241,3.95,
242,3.95,
243,3.95,
244,3.95,
245,3.95,
246,3.95,
247,3.95,
248,3.95,
249,3.95,
250,3.95,
251,3.95,
252,3.95,
253,3.95,
254,3.95,
255,3.95,
256,3.95,
257,3.95,
258,3.95,
259,3.95,
260,3.95,
261,3.95,
262,3.95,
263,3.95,
264,3.96,
265,3.96,
266,3.96,
267,3.96,
268,3.96,
269,3.96,
270,3.96,
271,3.96,
272,3.96,
273,3.96,
274,3.96,
275,3.96,
276,3.96,
277,3.96,
278,3.96,
279,3.96,
280,3.96,
281,3.96,
282,3.96,
283,3.96,
284,3.96,
285,3.96,
286,3.96,
287,3.96,
288,3.96,
289,3.96,
290,3.96,
291,3.96,
292,3.96,
293,3.96,
294,3.96,
295,3.96,
296,3.96,
297,3.96,
298,3.96,
299,3.96,
300,3.96,
301,3.96,
302,3.96,
303,3.96,
304,3.96,
305,3.96,
306,3.96,
307,3.96,
308,3.96,
309,3.96,
310,3.96,
311,3.96,
312,3.96,
313,3.96,
314,3.96,
315,3.96,
316,3.96,
317,3.96,
318,3.96,
319,3.96,
320,3.96,
321,3.96,
322,3.96,
323,3.96,
324,3.96,
325,3.96,
326,3.96,
327,3.96,
328,3.96,
329,3.96,
330,3.96,
331,3.96,
332,3.96,
333,3.96,
334,3.96,
335,3.96,
336,3.96,
337,3.96,
338,3.96,
339,3.96,
340,3.97,
341,3.97,
342,3.97,
343,3.97,
344,3.97,
345,3.97,
346,3.97,
347,3.97,
348,3.97,
349,3.97,
350,3.97,
351,3.97,
352,3.97,
353,3.97,
354,3.97,
355,3.97,
356,3.97,
357,3.97,
358,3.97,
359,3.97,
360,3.97,
361,3.97,
362,3.97,
363,3.97,
364,3.97,
365,3.97,
366,3.97,
367,3.97,
368,3.97,
369,3.97,
370,3.97,
371,3.97,
372,3.97,
373,3.97,
374,3.97,
375,3.97,
376,3.97,
377,3.97,
378,3.97,
379,3.97,
380,3.97,
381,3.97,
382,3.97,
383,3.97,
384,3.97,
385,3.97,
386,3.97,
387,3.97,
388,3.97,
389,3.97,
390,3.97,
391,3.97,
392,3.97,
393,3.97,
394,3.97,
395,3.97,
396,3.97,
397,3.97,
398,3.97,
399,3.97,
400,3.97,
401,3.97,
402,3.97,
403,3.97,
404,3.97,
405,3.97,
406,3.97,
407,3.97,
408,3.97,
409,3.97,
410,3.97,
411,3.97,
412,3.97,
413,3.97,
414,3.97,
415,3.97,
416,3.97,
417,3.97,
418,3.97,
419,3.97,
420,3.97,
421,3.97,
422,3.97,
423,3.97,
424,3.97,
425,3.97,
426,3.97,
427,3.97,
428,3.97,
429,3.97,
430,3.97,
431,3.97,
432,3.97,
433,3.97,
434,3.97,
435,3.97,
436,3.97,
437,3.97,
438,3.97,
439,3.97,
440,3.97,
441,3.97,
442,3.97,
443,3.97,
444,3.97,
445,3.97,
446,3.97,
447,3.97,
448,3.97,
449,3.97,
450,3.97,
451,3.97,
452,3.97,
453,3.97,
454,3.97,
455,3.97,
456,3.97,
457,3.97,
458,3.97,
459,3.97,
460,3.97,
461,3.97,
462,3.97,
463,3.97,
464,3.97,
465,3.97,
466,3.97,
467,3.97,
468,3.97,
469,3.97,
470,3.97,
471,3.97,
472,3.97,
473,3.97,
474,3.97,
475,3.97,
476,3.97,
477,3.98,
478,3.98,
479,3.98,
480,3.98,
481,3.98,
482,3.98,
483,3.98,
484,3.98,
485,3.98,
486,3.98,
487,3.98,
488,3.98,
489,3.98,
490,3.98,
491,3.98,
492,3.98,
493,3.98,
494,3.98,
495,3.98,
496,3.98,
497,3.98,
498,3.98,
499,3.98,
500,3.98,
501,3.98,
502,3.98,
503,3.98,
504,3.98,
505,3.98,
506,3.98,
507,3.98,
508,3.98,
509,3.98,
510,3.98,
511,3.98,
512,3.98,
513,3.98,
514,3.98,
515,3.98,
516,3.98,
517,3.98,
518,3.98,
519,3.98,
520,3.98,
521,3.98,
522,3.98,
523,3.98,
524,3.98,
525,3.98,
526,3.98,
527,3.98,
528,3.98,
529,3.98,
530,3.98,
531,3.98,
532,3.98,
533,3.98,
534,3.98,
535,3.98,
536,3.98,
537,3.98,
538,3.98,
539,3.98,
540,3.98,
541,3.98,
542,3.98,
543,3.98,
544,3.98,
545,3.98,
546,3.98,
547,3.98,
548,3.98,
549,3.98,
550,3.98,
551,3.98,
552,3.98,
553,3.98,
554,3.98,
555,3.98,
556,3.98,
557,3.98,
558,3.98,
559,3.98,
560,3.98,
561,3.98,
562,3.98,
563,3.98,
564,3.98,
565,3.98,
566,3.98,
567,3.98,
568,3.98,
569,3.98,
570,3.98,
571,3.98,
572,3.98,
573,3.98,
574,3.98,
575,3.98,
576,3.98,
577,3.98,
578,3.98,
579,3.98,
580,3.98,
581,3.98,
582,3.98,
583,3.98,
584,3.98,
585,3.98,
586,3.98,
587,3.98,
588,3.98,
589,3.98,
590,3.98,
591,3.98,
592,3.98,
593,3.98,
594,3.98,
595,3.98,
596,3.98,
597,3.98,
598,3.98,
599,3.98,
600,3.98,
601,3.98,
602,3.98,
603,3.98,
604,3.98,
605,3.98,
606,3.98,
607,3.98,
608,3.98,
609,3.98,
610,3.98,
611,3.98,
612,3.98,
613,3.98,
614,3.98,
615,3.98,
616,3.98,
617,3.98,
618,3.98,
619,3.98,
620,3.98,
621,3.98,
622,3.98,
623,3.98,
624,3.98,
625,3.98,
626,3.98,
627,3.98,
628,3.98,
629,3.98,
630,3.98,
631,3.98,
632,3.98,
633,3.98,
634,3.98,
635,3.98,
636,3.98,
637,3.98,
638,3.98,
639,3.98,
640,3.98,
641,3.98,
642,3.98,
643,3.98,
644,3.98,
645,3.98,
646,3.98,
647,3.98,
648,3.98,
649,3.98,
650,3.98,
651,3.98,
652,3.98,
653,3.98,
654,3.98,
655,3.98,
656,3.98,
657,3.98,
658,3.98,
659,3.98,
660,3.98,
661,3.98,
662,3.98,
663,3.98,
664,3.98,
665,3.98,
666,3.98,
667,3.98,
668,3.98,
669,3.98,
670,3.98,
671,3.98,
672,3.98,
673,3.98,
674,3.98,
675,3.98,
676,3.98,
677,3.98,
678,3.98,
679,3.98,
680,3.98,
681,3.98,
682,3.98,
683,3.98,
684,3.98,
685,3.98,
686,3.98,
687,3.98,
688,3.98,
689,3.98,
690,3.98,
691,3.98,
692,3.98,
693,3.98,
694,3.98,
695,3.98,
696,3.98,
697,3.98,
698,3.98,
699,3.98,
700,3.98,
701,3.98,
702,3.98,
703,3.98,
704,3.98,
705,3.98,
706,3.98,
707,3.98,
708,3.98,
709,3.98,
710,3.98,
711,3.98,
712,3.98,
713,3.98,
714,3.98,
715,3.98,
716,3.98,
717,3.98,
718,3.98,
719,3.98,
720,3.98,
721,3.98,
722,3.98,
723,3.98,
724,3.98,
725,3.98,
726,3.98,
727,3.98,
728,3.98,
729,3.98,
730,3.98,
731,3.98,
732,3.98,
733,3.98,
734,3.98,
735,3.98,
736,3.98,
737,3.98,
738,3.98,
739,3.98,
740,3.98,
741,3.98,
742,3.98,
743,3.98,
744,3.98,
745,3.98,
746,3.98,
747,3.98,
748,3.98,
749,3.98,
750,3.98,
751,3.98,
752,3.98,
753,3.98,
754,3.98,
755,3.98,
756,3.98,
757,3.98,
758,3.98,
759,3.98,
760,3.98,
761,3.98,
762,3.98,
763,3.98,
764,3.98,
765,3.98,
766,3.98,
767,3.98,
768,3.98,
769,3.98,
770,3.98,
771,3.98,
772,3.98,
773,3.98,
774,3.98,
775,3.98,
776,3.98,
777,3.98,
778,3.98,
779,3.98,
780,3.98,
781,3.98,
782,3.98,
783,3.98,
784,3.98,
785,3.98,
786,3.98,
787,3.98,
788,3.98,
789,3.98,
790,3.98,
791,3.98,
792,3.98,
793,3.98,
794,3.98,
795,3.98,
796,3.98,
797,3.99,
798,3.99,
799,3.99,
800,3.99,
801,3.99,
802,3.99,
803,3.99,
804,3.99,
805,3.99,
806,3.99,
807,3.99,
808,3.99,
809,3.99,
810,3.99,
811,3.99,
812,3.99,
813,3.99,
814,3.99,
815,3.99,
816,3.99,
817,3.99,
818,3.99,
819,3.99,
820,3.99,
821,3.99,
822,3.99,
823,3.99,
824,3.99,
825,3.99,
826,3.99,
827,3.99,
828,3.99,
829,3.99,
830,3.99,
831,3.99,
832,3.99,
833,3.99,
834,3.99,
835,3.99,
836,3.99,
837,3.99,
838,3.99,
839,3.99,
840,3.99,
841,3.99,
842,3.99,
843,3.99,
844,3.99,
845,3.99,
846,3.99,
847,3.99,
848,3.99,
849,3.99,
850,3.99,
851,3.99,
852,3.99,
853,3.99,
854,3.99,
855,3.99,
856,3.99,
857,3.99,
858,3.99,
859,3.99,
860,3.99,
861,3.99,
862,3.99,
863,3.99,
864,3.99,
865,3.99,
866,3.99,
867,3.99,
868,3.99,
869,3.99,
870,3.99,
871,3.99,
872,3.99,
873,3.99,
874,3.99,
875,3.99,
876,3.99,
877,3.99,
878,3.99,
879,3.99,
880,3.99,
881,3.99,
882,3.99,
883,3.99,
884,3.99,
885,3.99,
886,3.99,
887,3.99,
888,3.99,
889,3.99,
890,3.99,
891,3.99,
892,3.99,
893,3.99,
894,3.99,
895,3.99,
896,3.99,
897,3.99,
898,3.99,
899,3.99,
900,3.99,
901,3.99,
902,3.99,
903,3.99,
904,3.99,
905,3.99,
906,3.99,
907,3.99,
908,3.99,
909,3.99,
910,3.99,
911,3.99,
912,3.99,
913,3.99,
914,3.99,
915,3.99,
916,3.99,
917,3.99,
918,3.99,
919,3.99,
920,3.99,
921,3.99,
922,3.99,
923,3.99,
924,3.99,
925,3.99,
926,3.99,
927,3.99,
928,3.99,
929,3.99,
930,3.99,
931,3.99,
932,3.99,
933,3.99,
934,3.99,
935,3.99,
936,3.99,
937,3.99,
938,3.99,
939,3.99,
940,3.99,
941,3.99,
942,3.99,
943,3.99,
944,3.99,
945,3.99,
946,3.99,
947,3.99,
948,3.99,
949,3.99,
950,3.99,
951,3.99,
952,3.99,
953,3.99,
954,3.99,
955,3.99,
956,3.99,
957,3.99,
958,3.99,
959,3.99,
960,3.99,
961,3.99,
962,3.99,
963,3.99,
964,3.99,
965,3.99,
966,3.99,
967,3.99,
968,3.99,
969,3.99,
970,3.99,
971,3.99,
972,3.99,
973,3.99,
974,3.99,
975,3.99,
976,3.99,
977,3.99,
978,3.99,
979,3.99,
980,3.99,
981,3.99,
982,3.99,
983,3.99,
984,3.99,
985,3.99,
986,3.99,
987,3.99,
988,3.99,
989,3.99,
990,3.99,
991,3.99,
992,3.99,
993,3.99,
994,3.99,
995,3.99,
996,3.99,
997,3.99,
998,3.99,
999,3.99,
1000,3.99,
1001,3.99,
1002,3.99,
1003,3.99,
1004,3.99,
1005,3.99,
1006,3.99,
1007,3.99,
1008,3.99,
1009,3.99,
1010,3.99,
1011,3.99,
1012,3.99,
1013,3.99,
1014,3.99,
1015,3.99,
1016,3.99,
1017,3.99,
1018,3.99,
1019,3.99,
1020,3.99,
1021,3.99,
1022,3.99,
1023,3.99,
1024,3.99,
1025,3.99,
1026,3.99,
1027,3.99,
1028,3.99,
1029,3.99,
1030,3.99,
1031,3.99,
1032,3.99,
1033,3.99,
1034,3.99,
1035,3.99,
1036,3.99,
1037,3.99,
1038,3.99,
1039,3.99,
1040,3.99,
1041,3.99,
1042,3.99,
1043,3.99,
1044,3.99,
1045,3.99,
1046,3.99,
1047,3.99,
1048,3.99,
1049,3.99,
1050,3.99,
1051,3.99,
1052,3.99,
1053,3.99,
1054,3.99,
1055,3.99,
1056,3.99,
1057,3.99,
1058,3.99,
1059,3.99,
1060,3.99,
1061,3.99,
1062,3.99,
1063,3.99,
1064,3.99,
1065,3.99,
1066,3.99,
1067,3.99,
1068,3.99,
1069,3.99,
1070,3.99,
1071,3.99,
1072,3.99,
1073,3.99,
1074,3.99,
1075,3.99,
1076,3.99,
1077,3.99,
1078,3.99,
1079,3.99,
1080,3.99,
1081,3.99,
1082,3.99,
1083,3.99,
1084,3.99,
1085,3.99,
1086,3.99,
1087,3.99,
1088,3.99,
1089,3.99,
1090,3.99,
1091,3.99,
1092,3.99,
1093,3.99,
1094,3.99,
1095,3.99,
1096,3.99,
1097,3.99,
1098,3.99,
1099,3.99,
1100,3.99,
1101,3.99,
1102,3.99,
1103,3.99,
1104,3.99,
1105,3.99,
1106,3.99,
1107,3.99,
1108,3.99,
1109,3.99,
1110,3.99,
1111,3.99,
1112,3.99,
1113,3.99,
1114,3.99,
1115,3.99,
1116,3.99,
1117,3.99,
1118,3.99,
1119,3.99,
1120,3.99,
1121,3.99,
1122,3.99,
1123,3.99,
1124,3.99,
1125,3.99,
1126,3.99,
1127,3.99,
1128,3.99,
1129,3.99,
1130,3.99,
1131,3.99,
1132,3.99,
1133,3.99,
1134,3.99,
1135,3.99,
1136,3.99,
1137,3.99,
1138,3.99,
1139,3.99,
1140,3.99,
1141,3.99,
1142,3.99,
1143,3.99,
1144,3.99,
1145,3.99,
1146,3.99,
1147,3.99,
1148,3.99,
1149,3.99,
1150,3.99,
1151,3.99,
1152,3.99,
1153,3.99,
1154,3.99,
1155,3.99,
1156,3.99,
1157,3.99,
1158,3.99,
1159,3.99,
1160,3.99,
1161,3.99,
1162,3.99,
1163,3.99,
1164,3.99,
1165,3.99,
1166,3.99,
1167,3.99,
1168,3.99,
1169,3.99,
1170,3.99,
1171,3.99,
1172,3.99,
1173,3.99,
1174,3.99,
1175,3.99,
1176,3.99,
1177,3.99,
1178,3.99,
1179,3.99,
1180,3.99,
1181,3.99,
1182,3.99,
1183,3.99,
1184,3.99,
1185,3.99,
1186,3.99,
1187,3.99,
1188,3.99,
1189,3.99,
1190,3.99,
1191,3.99,
1192,3.99,
1193,3.99,
1194,3.99,
1195,3.99,
1196,3.99,
1197,3.99,
1198,3.99,
1199,3.99,
1200,3.99,
1201,3.99,
1202,3.99,
1203,3.99,
1204,3.99,
1205,3.99,
1206,3.99,
1207,3.99,
1208,3.99,
1209,3.99,
1210,3.99,
1211,3.99,
1212,3.99,
1213,3.99,
1214,3.99,
1215,3.99,
1216,3.99,
1217,3.99,
1218,3.99,
1219,3.99,
1220,3.99,
1221,3.99,
1222,3.99,
1223,3.99,
1224,3.99,
1225,3.99,
1226,3.99,
1227,3.99,
1228,3.99,
1229,3.99,
1230,3.99,
1231,3.99,
1232,3.99,
1233,3.99,
1234,3.99,
1235,3.99,
1236,3.99,
1237,3.99,
1238,3.99,
1239,3.99,
1240,3.99,
1241,3.99,
1242,3.99,
1243,3.99,
1244,3.99,
1245,3.99,
1246,3.99,
1247,3.99,
1248,3.99,
1249,3.99,
1250,3.99,
1251,3.99,
1252,3.99,
1253,3.99,
1254,3.99,
1255,3.99,
1256,3.99,
1257,3.99,
1258,3.99,
1259,3.99,
1260,3.99,
1261,3.99,
1262,3.99,
1263,3.99,
1264,3.99,
1265,3.99,
1266,3.99,
1267,3.99,
1268,3.99,
1269,3.99,
1270,3.99,
1271,3.99,
1272,3.99,
1273,3.99,
1274,3.99,
1275,3.99,
1276,3.99,
1277,3.99,
1278,3.99,
1279,3.99,
1280,3.99,
1281,3.99,
1282,3.99,
1283,3.99,
1284,3.99,
1285,3.99,
1286,3.99,
1287,3.99,
1288,3.99,
1289,3.99,
1290,3.99,
1291,3.99,
1292,3.99,
1293,3.99,
1294,3.99,
1295,3.99,
1296,3.99,
1297,3.99,
1298,3.99,
1299,3.99,
1300,3.99,
1301,3.99,
1302,3.99,
1303,3.99,
1304,3.99,
1305,3.99,
1306,3.99,
1307,3.99,
1308,3.99,
1309,3.99,
1310,3.99,
1311,3.99,
1312,3.99,
1313,3.99,
1314,3.99,
1315,3.99,
1316,3.99,
1317,3.99,
1318,3.99,
1319,3.99,
1320,3.99,
1321,3.99,
1322,3.99,
1323,3.99,
1324,3.99,
1325,3.99,
1326,3.99,
1327,3.99,
1328,3.99,
1329,3.99,
1330,3.99,
1331,3.99,
1332,3.99,
1333,3.99,
1334,3.99,
1335,3.99,
1336,3.99,
1337,3.99,
1338,3.99,
1339,3.99,
1340,3.99,
1341,3.99,
1342,3.99,
1343,3.99,
1344,3.99,
1345,3.99,
1346,3.99,
1347,3.99,
1348,3.99,
1349,3.99,
1350,3.99,
1351,3.99,
1352,3.99,
1353,3.99,
1354,3.99,
1355,3.99,
1356,3.99,
1357,3.99,
1358,3.99,
1359,3.99,
1360,3.99,
1361,3.99,
1362,3.99,
1363,3.99,
1364,3.99,
1365,3.99,
1366,3.99,
1367,3.99,
1368,3.99,
1369,3.99,
1370,3.99,
1371,3.99,
1372,3.99,
1373,3.99,
1374,3.99,
1375,3.99,
1376,3.99,
1377,3.99,
1378,3.99,
1379,3.99,
1380,3.99,
1381,3.99,
1382,3.99,
1383,3.99,
1384,3.99,
1385,3.99,
1386,3.99,
1387,3.99,
1388,3.99,
1389,3.99,
1390,3.99,
1391,3.99,
1392,3.99,
1393,3.99,
1394,3.99,
1395,3.99,
1396,3.99,
1397,3.99,
1398,3.99,
1399,3.99,
1400,3.99,
1401,3.99,
1402,3.99,
1403,3.99,
1404,3.99,
1405,3.99,
1406,3.99,
1407,3.99,
1408,3.99,
1409,3.99,
1410,3.99,
1411,3.99,
1412,3.99,
1413,3.99,
1414,3.99,
1415,3.99,
1416,3.99,
1417,3.99,
1418,3.99,
1419,3.99,
1420,3.99,
1421,3.99,
1422,3.99,
1423,3.99,
1424,3.99,
1425,3.99,
1426,3.99,
1427,3.99,
1428,3.99,
1429,3.99,
1430,3.99,
1431,3.99,
1432,3.99,
1433,3.99,
1434,3.99,
1435,3.99,
1436,3.99,
1437,3.99,
1438,3.99,
1439,3.99,
1440,3.99,
1441,3.99,
1442,3.99,
1443,3.99,
1444,3.99,
1445,3.99,
1446,3.99,
1447,3.99,
1448,3.99,
1449,3.99,
1450,3.99,
1451,3.99,
1452,3.99,
1453,3.99,
1454,3.99,
1455,3.99,
1456,3.99,
1457,3.99,
1458,3.99,
1459,3.99,
1460,3.99,
1461,3.99,
1462,3.99,
1463,3.99,
1464,3.99,
1465,3.99,
1466,3.99,
1467,3.99,
1468,3.99,
1469,3.99,
1470,3.99,
1471,3.99,
1472,3.99,
1473,3.99,
1474,3.99,
1475,3.99,
1476,3.99,
1477,3.99,
1478,3.99,
1479,3.99,
1480,3.99,
1481,3.99,
1482,3.99,
1483,3.99,
1484,3.99,
1485,3.99,
1486,3.99,
1487,3.99,
1488,3.99,
1489,3.99,
1490,3.99,
1491,3.99,
1492,3.99,
1493,3.99,
1494,3.99,
1495,3.99,
1496,3.99,
1497,3.99,
1498,3.99,
1499,3.99,
1500,3.99,
1501,3.99,
1502,3.99,
1503,3.99,
1504,3.99,
1505,3.99,
1506,3.99,
1507,3.99,
1508,3.99,
1509,3.99,
1510,3.99,
1511,3.99,
1512,3.99,
1513,3.99,
1514,3.99,
1515,3.99,
1516,3.99,
1517,3.99,
1518,3.99,
1519,3.99,
1520,3.99,
1521,3.99,
1522,3.99,
1523,3.99,
1524,3.99,
1525,3.99,
1526,3.99,
1527,3.99,
1528,3.99,
1529,3.99,
1530,3.99,
1531,3.99,
1532,3.99,
1533,3.99,
1534,3.99,
1535,3.99,
1536,3.99,
1537,3.99,
1538,3.99,
1539,3.99,
1540,3.99,
1541,3.99,
1542,3.99,
1543,3.99,
1544,3.99,
1545,3.99,
1546,3.99,
1547,3.99,
1548,3.99,
1549,3.99,
1550,3.99,
1551,3.99,
1552,3.99,
1553,3.99,
1554,3.99,
1555,3.99,
1556,3.99,
1557,3.99,
1558,3.99,
1559,3.99,
1560,3.99,
1561,3.99,
1562,3.99,
1563,3.99,
1564,3.99,
1565,3.99,
1566,3.99,
1567,3.99,
1568,3.99,
1569,3.99,
1570,3.99,
1571,3.99,
1572,3.99,
1573,3.99,
1574,3.99,
1575,3.99,
1576,3.99,
1577,3.99,
1578,3.99,
1579,3.99,
1580,3.99,
1581,3.99,
1582,3.99,
1583,3.99,
1584,3.99,
1585,3.99,
1586,3.99,
1587,3.99,
1588,3.99,
1589,3.99,
1590,3.99,
1591,3.99,
1592,3.99,
1593,3.99,
1594,3.99,
1595,3.99,
1596,3.99,
1597,3.99,
1598,3.99,
1599,3.99,
1600,3.99,
1601,3.99,
1602,3.99,
1603,3.99,
1604,3.99,
1605,3.99,
1606,3.99,
1607,3.99,
1608,3.99,
1609,3.99,
1610,3.99,
1611,3.99,
1612,3.99,
1613,3.99,
1614,3.99,
1615,3.99,
1616,3.99,
1617,3.99,
1618,3.99,
1619,3.99,
1620,3.99,
1621,3.99,
1622,3.99,
1623,3.99,
1624,3.99,
1625,3.99,
1626,3.99,
1627,3.99,
1628,3.99,
1629,3.99,
1630,3.99,
1631,3.99,
1632,3.99,
1633,3.99,
1634,3.99,
1635,3.99,
1636,3.99,
1637,3.99,
1638,3.99,
1639,3.99,
1640,3.99,
1641,3.99,
1642,3.99,
1643,3.99,
1644,3.99,
1645,3.99,
1646,3.99,
1647,3.99,
1648,3.99,
1649,3.99,
1650,3.99,
1651,3.99,
1652,3.99,
1653,3.99,
1654,3.99,
1655,3.99,
1656,3.99,
1657,3.99,
1658,3.99,
1659,3.99,
1660,3.99,
1661,3.99,
1662,3.99,
1663,3.99,
1664,3.99,
1665,3.99,
1666,3.99,
1667,3.99,
1668,3.99,
1669,3.99,
1670,3.99,
1671,3.99,
1672,3.99,
1673,3.99,
1674,3.99,
1675,3.99,
1676,3.99,
1677,3.99,
1678,3.99,
1679,3.99,
1680,3.99,
1681,3.99,
1682,3.99,
1683,3.99,
1684,3.99,
1685,3.99,
1686,3.99,
1687,3.99,
1688,3.99,
1689,3.99,
1690,3.99,
1691,3.99,
1692,3.99,
1693,3.99,
1694,3.99,
1695,3.99,
1696,3.99,
1697,3.99,
1698,3.99,
1699,3.99,
1700,3.99,
1701,3.99,
1702,3.99,
1703,3.99,
1704,3.99,
1705,3.99,
1706,3.99,
1707,3.99,
1708,3.99,
1709,3.99,
1710,3.99,
1711,3.99,
1712,3.99,
1713,3.99,
1714,3.99,
1715,3.99,
1716,3.99,
1717,3.99,
1718,3.99,
1719,3.99,
1720,3.99,
1721,3.99,
1722,3.99,
1723,3.99,
1724,3.99,
1725,3.99,
1726,3.99,
1727,3.99,
1728,3.99,
1729,3.99,
1730,3.99,
1731,3.99,
1732,3.99,
1733,3.99,
1734,3.99,
1735,3.99,
1736,3.99,
1737,3.99,
1738,3.99,
1739,3.99,
1740,3.99,
1741,3.99,
1742,3.99,
1743,3.99,
1744,3.99,
1745,3.99,
1746,3.99,
1747,3.99,
1748,3.99,
1749,3.99,
1750,3.99,
1751,3.99,
1752,3.99,
1753,3.99,
1754,3.99,
1755,3.99,
1756,3.99,
1757,3.99,
1758,3.99,
1759,3.99,
1760,3.99,
1761,3.99,
1762,3.99,
1763,3.99,
1764,3.99,
1765,3.99,
1766,3.99,
1767,3.99,
1768,3.99,
1769,3.99,
1770,3.99,
1771,3.99,
1772,3.99,
1773,3.99,
1774,3.99,
1775,3.99,
1776,3.99,
1777,3.99,
1778,3.99,
1779,3.99,
1780,3.99,
1781,3.99,
1782,3.99,
1783,3.99,
1784,3.99,
1785,3.99,
1786,3.99,
1787,3.99,
1788,3.99,
1789,3.99,
1790,3.99,
1791,3.99,
1792,3.99,
1793,3.99,
1794,3.99,
1795,3.99,
1796,3.99,
1797,3.99,
1798,3.99,
1799,3.99,
1800,3.99,
1801,3.99,
1802,3.99,
1803,3.99,
1804,3.99,
1805,3.99,
1806,3.99,
1807,3.99,
1808,3.99,
1809,3.99,
1810,3.99,
1811,3.99,
1812,3.99,
1813,3.99,
1814,3.99,
1815,3.99,
1816,3.99,
1817,3.99,
1818,3.99,
1819,3.99,
1820,3.99,
1821,3.99,
1822,3.99,
1823,3.99,
1824,3.99,
1825,3.99,
1826,3.99,
1827,3.99,
1828,3.99,
1829,3.99,
1830,3.99,
1831,3.99,
1832,3.99,
1833,3.99,
1834,3.99,
1835,3.99,
1836,3.99,
1837,3.99,
1838,3.99,
1839,3.99,
1840,3.99,
1841,3.99,
1842,3.99,
1843,3.99,
1844,3.99,
1845,3.99,
1846,3.99,
1847,3.99,
1848,3.99,
1849,3.99,
1850,3.99,
1851,3.99,
1852,3.99,
1853,3.99,
1854,3.99,
1855,3.99,
1856,3.99,
1857,3.99,
1858,3.99,
1859,3.99,
1860,3.99,
1861,3.99,
1862,3.99,
1863,3.99,
1864,3.99,
1865,3.99,
1866,3.99,
1867,3.99,
1868,3.99,
1869,3.99,
1870,3.99,
1871,3.99,
1872,3.99,
1873,3.99,
1874,3.99,
1875,3.99,
1876,3.99,
1877,3.99,
1878,3.99,
1879,3.99,
1880,3.99,
1881,3.99,
1882,3.99,
1883,3.99,
1884,3.99,
1885,3.99,
1886,3.99,
1887,3.99,
1888,3.99,
1889,3.99,
1890,3.99,
1891,3.99,
1892,3.99,
1893,3.99,
1894,3.99,
1895,3.99,
1896,3.99,
1897,3.99,
1898,3.99,
1899,3.99,
1900,3.99,
1901,3.99,
1902,3.99,
1903,3.99,
1904,3.99,
1905,3.99,
1906,3.99,
1907,3.99,
1908,3.99,
1909,3.99,
1910,3.99,
1911,3.99,
1912,3.99,
1913,3.99,
1914,3.99,
1915,3.99,
1916,3.99,
1917,3.99,
1918,3.99,
1919,3.99,
1920,3.99,
1921,3.99,
1922,3.99,
1923,3.99,
1924,3.99,
1925,3.99,
1926,3.99,
1927,3.99,
1928,3.99,
1929,3.99,
1930,3.99,
1931,3.99,
1932,3.99,
1933,3.99,
1934,3.99,
1935,3.99,
1936,3.99,
1937,3.99,
1938,3.99,
1939,3.99,
1940,3.99,
1941,3.99,
1942,3.99,
1943,3.99,
1944,3.99,
1945,3.99,
1946,3.99,
1947,3.99,
1948,3.99,
1949,3.99,
1950,3.99,
1951,3.99,
1952,3.99,
1953,3.99,
1954,3.99,
1955,3.99,
1956,3.99,
1957,3.99,
1958,3.99,
1959,3.99,
1960,3.99,
1961,3.99,
1962,3.99,
1963,3.99,
1964,3.99,
1965,3.99,
1966,3.99,
1967,3.99,
1968,3.99,
1969,3.99,
1970,3.99,
1971,3.99,
1972,3.99,
1973,3.99,
1974,3.99,
1975,3.99,
1976,3.99,
1977,3.99,
1978,3.99,
1979,3.99,
1980,3.99,
1981,3.99,
1982,3.99,
1983,3.99,
1984,3.99,
1985,3.99,
1986,3.99,
1987,3.99,
1988,3.99,
1989,3.99,
1990,3.99,
1991,3.99,
1992,3.99,
1993,3.99,
1994,3.99,
1995,3.99,
1996,3.99,
1997,3.99,
1998,3.99,
1999,3.99,
2000,3.99,
2001,3.99,
2002,3.99,
2003,3.99,
2004,3.99,
2005,3.99,
2006,3.99,
2007,3.99,
2008,3.99,
2009,3.99,
2010,3.99,
2011,3.99,
2012,3.99,
2013,3.99,
2014,3.99,
2015,3.99,
2016,3.99,
2017,3.99,
2018,3.99,
2019,3.99,
2020,3.99,
2021,3.99,
2022,3.99,
2023,3.99,
2024,3.99,
2025,3.99,
2026,3.99,
2027,3.99,
2028,3.99,
2029,3.99,
2030,3.99,
2031,3.99,
2032,3.99,
2033,3.99,
2034,3.99,
2035,3.99,
2036,3.99,
2037,3.99,
2038,3.99,
2039,3.99,
2040,3.99,
2041,3.99,
2042,3.99,
2043,3.99,
2044,3.99,
2045,3.99,
2046,3.99,
2047,3.99,
2048,3.99,
2049,3.99,
2050,3.99,
2051,3.99,
2052,3.99,
2053,3.99,
2054,3.99,
2055,3.99,
2056,3.99,
2057,3.99,
2058,3.99,
2059,3.99,
2060,3.99,
2061,3.99,
2062,3.99,
2063,3.99,
2064,3.99,
2065,3.99,
2066,3.99,
2067,3.99,
2068,3.99,
2069,3.99,
2070,3.99,
2071,3.99,
2072,3.99,
2073,3.99,
2074,3.99,
2075,3.99,
2076,3.99,
2077,3.99,
2078,3.99,
2079,3.99,
2080,3.99,
2081,3.99,
2082,3.99,
2083,3.99,
2084,3.99,
2085,3.99,
2086,3.99,
2087,3.99,
2088,3.99,
2089,3.99,
2090,3.99,
2091,3.99,
2092,3.99,
2093,3.99,
2094,3.99,
2095,3.99,
2096,3.99,
2097,3.99,
2098,3.99,
2099,3.99,
2100,3.99,
2101,3.99,
2102,3.99,
2103,3.99,
2104,3.99,
2105,3.99,
2106,3.99,
2107,3.99,
2108,3.99,
2109,3.99,
2110,3.99,
2111,3.99,
2112,3.99,
2113,3.99,
2114,3.99,
2115,3.99,
2116,3.99,
2117,3.99,
2118,3.99,
2119,3.99,
2120,3.99,
2121,3.99,
2122,3.99,
2123,3.99,
2124,3.99,
2125,3.99,
2126,3.99,
2127,3.99,
2128,3.99,
2129,3.99,
2130,3.99,
2131,3.99,
2132,3.99,
2133,3.99,
2134,3.99,
2135,3.99,
2136,3.99,
2137,3.99,
2138,3.99,
2139,3.99,
2140,3.99,
2141,3.99,
2142,3.99,
2143,3.99,
2144,3.99,
2145,3.99,
2146,3.99,
2147,3.99,
2148,3.99,
2149,3.99,
2150,3.99,
2151,3.99,
2152,3.99,
2153,3.99,
2154,3.99,
2155,3.99,
2156,3.99,
2157,3.99,
2158,3.99,
2159,3.99,
2160,3.99,
2161,3.99,
2162,3.99,
2163,3.99,
2164,3.99,
2165,3.99,
2166,3.99,
2167,3.99,
2168,3.99,
2169,3.99,
2170,3.99,
2171,3.99,
2172,3.99,
2173,3.99,
2174,3.99,
2175,3.99,
2176,3.99,
2177,3.99,
2178,3.99,
2179,3.99,
2180,3.99,
2181,3.99,
2182,3.99,
2183,3.99,
2184,3.99,
2185,3.99,
2186,3.99,
2187,3.99,
2188,3.99,
2189,3.99,
2190,3.99,
2191,3.99,
2192,3.99,
2193,3.99,
2194,3.99,
2195,3.99,
2196,3.99,
2197,3.99,
2198,3.99,
2199,3.99,
2200,3.99,
2201,3.99,
2202,3.99,
2203,3.99,
2204,3.99,
2205,3.99,
2206,3.99,
2207,3.99,
2208,3.99,
2209,3.99,
2210,3.99,
2211,3.99,
2212,3.99,
2213,3.99,
2214,3.99,
2215,3.99,
2216,3.99,
2217,3.99,
2218,3.99,
2219,3.99,
2220,3.99,
2221,3.99,
2222,3.99,
2223,3.99,
2224,3.99,
2225,3.99,
2226,3.99,
2227,3.99,
2228,3.99,
2229,3.99,
2230,3.99,
2231,3.99,
2232,3.99,
2233,3.99,
2234,3.99,
2235,3.99,
2236,3.99,
2237,3.99,
2238,3.99,
2239,3.99,
2240,3.99,
2241,3.99,
2242,3.99,
2243,3.99,
2244,3.99,
2245,3.99,
2246,3.99,
2247,3.99,
2248,3.99,
2249,3.99,
2250,3.99,
2251,3.99,
2252,3.99,
2253,3.99,
2254,3.99,
2255,3.99,
2256,3.99,
2257,3.99,
2258,3.99,
2259,3.99,
2260,3.99,
2261,3.99,
2262,3.99,
2263,3.99,
2264,3.99,
2265,3.99,
2266,3.99,
2267,3.99,
2268,3.99,
2269,3.99,
2270,3.99,
2271,3.99,
2272,3.99,
2273,3.99,
2274,3.99,
2275,3.99,
2276,3.99,
2277,3.99,
2278,3.99,
2279,3.99,
2280,3.99,
2281,3.99,
2282,3.99,
2283,3.99,
2284,3.99,
2285,3.99,
2286,3.99,
2287,3.99,
2288,3.99,
2289,3.99,
2290,3.99,
2291,3.99,
2292,3.99,
2293,3.99,
2294,3.99,
2295,3.99,
2296,3.99,
2297,3.99,
2298,3.99,
2299,3.99,
2300,3.99,
2301,3.99,
2302,3.99,
2303,3.99,
2304,3.99,
2305,3.99,
2306,3.99,
2307,3.99,
2308,3.99,
2309,3.99,
2310,3.99,
2311,3.99,
2312,3.99,
2313,3.99,
2314,3.99,
2315,3.99,
2316,3.99,
2317,3.99,
2318,3.99,
2319,3.99,
2320,3.99,
2321,3.99,
2322,3.99,
2323,3.99,
2324,3.99,
2325,3.99,
2326,3.99,
2327,3.99,
2328,3.99,
2329,3.99,
2330,3.99,
2331,3.99,
2332,3.99,
2333,3.99,
2334,3.99,
2335,3.99,
2336,3.99,
2337,3.99,
2338,3.99,
2339,3.99,
2340,3.99,
2341,3.99,
2342,3.99,
2343,3.99,
2344,3.99,
2345,3.99,
2346,3.99,
2347,3.99,
2348,3.99,
2349,3.99,
2350,3.99,
2351,3.99,
2352,3.99,
2353,3.99,
2354,3.99,
2355,3.99,
2356,3.99,
2357,3.99,
2358,3.99,
2359,3.99,
2360,3.99,
2361,3.99,
2362,3.99,
2363,3.99,
2364,3.99,
2365,3.99,
2366,3.99,
2367,3.99,
2368,3.99,
2369,3.99,
2370,3.99,
2371,3.99,
2372,3.99,
2373,3.99,
2374,3.99,
2375,3.99,
2376,3.99,
2377,3.99,
2378,3.99,
2379,3.99,
2380,3.99,
2381,3.99,
2382,3.99,
2383,3.99,
2384,3.99,
2385,3.99,
2386,3.99,
2387,3.99,
2388,3.99,
2389,3.99,
2390,3.99,
2391,3.99,
2392,3.99,
2393,3.99,
2394,3.99,
2395,3.99,
2396,3.99,
2397,4.
2398,4.
2399,4.
2400,4.
2401,4.
2402,4.
2403,4.
2404,4.
2405,4.
2406,4.
2407,4.
2408,4.
2409,4.
2410,4.
2411,4.
2412,4.
2413,4.
2414,4.
2415,4.
2416,4.
2417,4.
2418,4.
2419,4.
2420,4.
2421,4.
2422,4.
2423,4.
2424,4.
2425,4.
2426,4.
2427,4.
2428,4.
2429,4.
2430,4.
2431,4.
2432,4.
2433,4.
2434,4.
2435,4.
2436,4.
2437,4.
2438,4.
2439,4.
2440,4.
2441,4.
2442,4.
2443,4.
2444,4.
2445,4.
2446,4.
2447,4.
2448,4.
2449,4.
2450,4.
2451,4.
2452,4.
2453,4.
2454,4.
2455,4.
2456,4.
2457,4.
2458,4.
2459,4.
2460,4.
2461,4.
2462,4.
2463,4.
2464,4.
2465,4.
2466,4.
2467,4.
2468,4.
2469,4.
2470,4.
2471,4.
2472,4.
2473,4.
2474,4.
2475,4.
2476,4.
2477,4.
2478,4.
2479,4.
2480,4.
2481,4.
2482,4.
2483,4.
2484,4.
2485,4.
2486,4.
2487,4.
2488,4.
2489,4.
2490,4.
2491,4.
2492,4.
2493,4.
2494,4.
2495,4.
2496,4.
2497,4.
2498,4.
2499,4.
2500,4.
2501,4.
2502,4.
2503,4.
2504,4.
2505,4.
2506,4.
2507,4.
2508,4.
2509,4.
2510,4.
2511,4.
2512,4.
2513,4.
2514,4.
2515,4.
2516,4.
2517,4.
2518,4.
2519,4.
2520,4.
2521,4.
2522,4.
2523,4.
2524,4.
2525,4.
2526,4.
2527,4.
2528,4.
2529,4.
2530,4.
2531,4.
2532,4.
2533,4.
2534,4.
2535,4.
2536,4.
2537,4.
2538,4.
2539,4.
2540,4.
2541,4.
2542,4.
2543,4.
2544,4.
2545,4.
2546,4.
2547,4.
2548,4.
2549,4.
2550,4.
2551,4.
2552,4.
2553,4.
2554,4.
2555,4.
2556,4.
2557,4.
2558,4.
2559,4.
2560,4.
2561,4.
2562,4.
2563,4.
2564,4.
2565,4.
2566,4.
2567,4.
2568,4.
2569,4.
2570,4.
2571,4.
2572,4.
2573,4.
2574,4.
2575,4.
2576,4.
2577,4.
2578,4.
2579,4.
2580,4.
2581,4.
2582,4.
2583,4.
2584,4.
2585,4.
2586,4.
2587,4.
2588,4.
2589,4.
2590,4.
2591,4.
2592,4.
2593,4.
2594,4.
2595,4.
2596,4.
2597,4.
2598,4.
2599,4.
2600,4.
2601,4.
2602,4.
2603,4.
2604,4.
2605,4.
2606,4.
2607,4.
2608,4.
2609,4.
2610,4.
2611,4.
2612,4.
2613,4.
2614,4.
2615,4.
2616,4.
2617,4.
2618,4.
2619,4.
2620,4.
2621,4.
2622,4.
2623,4.
2624,4.
2625,4.
2626,4.
2627,4.
2628,4.
2629,4.
2630,4.
2631,4.
2632,4.
2633,4.
2634,4.
2635,4.
2636,4.
2637,4.
2638,4.
2639,4.
2640,4.
2641,4.
2642,4.
2643,4.
2644,4.
2645,4.
2646,4.
2647,4.
2648,4.
2649,4.
2650,4.
2651,4.
2652,4.
2653,4.
2654,4.
2655,4.
2656,4.
2657,4.
2658,4.
2659,4.
2660,4.
2661,4.
2662,4.
2663,4.
2664,4.
2665,4.
2666,4.
2667,4.
2668,4.
2669,4.
2670,4.
2671,4.
2672,4.
2673,4.
2674,4.
2675,4.
2676,4.
2677,4.
2678,4.
2679,4.
2680,4.
2681,4.
2682,4.
2683,4.
2684,4.
2685,4.
2686,4.
2687,4.
2688,4.
2689,4.
2690,4.
2691,4.
2692,4.
2693,4.
2694,4.
2695,4.
2696,4.
2697,4.
2698,4.
2699,4.
2700,4.
2701,4.
2702,4.
2703,4.
2704,4.
2705,4.
2706,4.
2707,4.
2708,4.
2709,4.
2710,4.
2711,4.
2712,4.
2713,4.
2714,4.
2715,4.
2716,4.
2717,4.
2718,4.
2719,4.
2720,4.
2721,4.
2722,4.
2723,4.
2724,4.
2725,4.
2726,4.
2727,4.
2728,4.
2729,4.
2730,4.
2731,4.
2732,4.
2733,4.
2734,4.
2735,4.
2736,4.
2737,4.
2738,4.
2739,4.
2740,4.
2741,4.
2742,4.
2743,4.
2744,4.
2745,4.
2746,4.
2747,4.
2748,4.
2749,4.
2750,4.
2751,4.
2752,4.
2753,4.
2754,4.
2755,4.
2756,4.
2757,4.
2758,4.
2759,4.
2760,4.
2761,4.
2762,4.
2763,4.
2764,4.
2765,4.
2766,4.
2767,4.
2768,4.
2769,4.
2770,4.
2771,4.
2772,4.
2773,4.
2774,4.
2775,4.
2776,4.
2777,4.
2778,4.
2779,4.
2780,4.
2781,4.
2782,4.
2783,4.
2784,4.
2785,4.
2786,4.
2787,4.
2788,4.
2789,4.
2790,4.
2791,4.
2792,4.
2793,4.
2794,4.
2795,4.
2796,4.
2797,4.
2798,4.
2799,4.
2800,4.
2801,4.
2802,4.
2803,4.
2804,4.
2805,4.
2806,4.
2807,4.
2808,4.
2809,4.
2810,4.
2811,4.
2812,4.
2813,4.
2814,4.
2815,4.
2816,4.
2817,4.
2818,4.
2819,4.
2820,4.
2821,4.
2822,4.
2823,4.
2824,4.
2825,4.
2826,4.
2827,4.
2828,4.
2829,4.
2830,4.
2831,4.
2832,4.
2833,4.
2834,4.
2835,4.
2836,4.
2837,4.
2838,4.
2839,4.
2840,4.
2841,4.
2842,4.
2843,4.
2844,4.
2845,4.
2846,4.
2847,4.
2848,4.
2849,4.
2850,4.
2851,4.
2852,4.
2853,4.
2854,4.
2855,4.
2856,4.
2857,4.
2858,4.
2859,4.
2860,4.
2861,4.
2862,4.
2863,4.
2864,4.
2865,4.
2866,4.
2867,4.
2868,4.
2869,4.
2870,4.
2871,4.
2872,4.
2873,4.
2874,4.
2875,4.
2876,4.
2877,4.
2878,4.
2879,4.
2880,4.
2881,4.
2882,4.
2883,4.
2884,4.
2885,4.
2886,4.
2887,4.
2888,4.
2889,4.
2890,4.
2891,4.
2892,4.
2893,4.
2894,4.
2895,4.
2896,4.
2897,4.
2898,4.
2899,4.
2900,4.
2901,4.
2902,4.
2903,4.
2904,4.
2905,4.
2906,4.
2907,4.
2908,4.
2909,4.
2910,4.
2911,4.
2912,4.
2913,4.
2914,4.
2915,4.
2916,4.
2917,4.
2918,4.
2919,4.
2920,4.
2921,4.
2922,4.
2923,4.
2924,4.
2925,4.
2926,4.
2927,4.
2928,4.
2929,4.
2930,4.
2931,4.
2932,4.
2933,4.
2934,4.
2935,4.
2936,4.
2937,4.
2938,4.
2939,4.
2940,4.
2941,4.
2942,4.
2943,4.
2944,4.
2945,4.
2946,4.
2947,4.
2948,4.
2949,4.
2950,4.
2951,4.
2952,4.
2953,4.
2954,4.
2955,4.
2956,4.
2957,4.
2958,4.
2959,4.
2960,4.
2961,4.
2962,4.
2963,4.
2964,4.
2965,4.
2966,4.
2967,4.
2968,4.
2969,4.
2970,4.
2971,4.
2972,4.
2973,4.
2974,4.
2975,4.
2976,4.
2977,4.
2978,4.
2979,4.
2980,4.
2981,4.
2982,4.
2983,4.
2984,4.
2985,4.
2986,4.
2987,4.
2988,4.
2989,4.
2990,4.
2991,4.
2992,4.
2993,4.
2994,4.
2995,4.
2996,4.
2997,4.
2998,4.
2999,4.
3000,4.
3001,4.
3002,4.
3003,4.
3004,4.
3005,4.
3006,4.
3007,4.
3008,4.
3009,4.
3010,4.
3011,4.
3012,4.
3013,4.
3014,4.
3015,4.
3016,4.
3017,4.
3018,4.
3019,4.
3020,4.
3021,4.
3022,4.
3023,4.
3024,4.
3025,4.
3026,4.
3027,4.
3028,4.
3029,4.
3030,4.
3031,4.
3032,4.
3033,4.
3034,4.
3035,4.
3036,4.
3037,4.
3038,4.
3039,4.
3040,4.
3041,4.
3042,4.
3043,4.
3044,4.
3045,4.
3046,4.
3047,4.
3048,4.
3049,4.
3050,4.
3051,4.
3052,4.
3053,4.
3054,4.
3055,4.
3056,4.
3057,4.
3058,4.
3059,4.
3060,4.
3061,4.
3062,4.
3063,4.
3064,4.
3065,4.
3066,4.
3067,4.
3068,4.
3069,4.
3070,4.
3071,4.
3072,4.
3073,4.
3074,4.
3075,4.
3076,4.
3077,4.
3078,4.
3079,4.
3080,4.
3081,4.
3082,4.
3083,4.
3084,4.
3085,4.
3086,4.
3087,4.
3088,4.
3089,4.
3090,4.
3091,4.
3092,4.
3093,4.
3094,4.
3095,4.
3096,4.
3097,4.
3098,4.
3099,4.
3100,4.
3101,4.
3102,4.
3103,4.
3104,4.
3105,4.
3106,4.
3107,4.
3108,4.
3109,4.
3110,4.
3111,4.
3112,4.
3113,4.
3114,4.
3115,4.
3116,4.
3117,4.
3118,4.
3119,4.
3120,4.
3121,4.
3122,4.
3123,4.
3124,4.
3125,4.
3126,4.
3127,4.
3128,4.
3129,4.
3130,4.
3131,4.
3132,4.
3133,4.
3134,4.
3135,4.
3136,4.
3137,4.
3138,4.
3139,4.
3140,4.
3141,4.
3142,4.
3143,4.
3144,4.
3145,4.
3146,4.
3147,4.
3148,4.
3149,4.
3150,4.
3151,4.
3152,4.
3153,4.
3154,4.
3155,4.
3156,4.
3157,4.
3158,4.
3159,4.
3160,4.
3161,4.
3162,4.
3163,4.
3164,4.
3165,4.
3166,4.
3167,4.
3168,4.
3169,4.
3170,4.
3171,4.
3172,4.
3173,4.
3174,4.
3175,4.
3176,4.
3177,4.
3178,4.
3179,4.
3180,4.
3181,4.
3182,4.
3183,4.
3184,4.
3185,4.
3186,4.
3187,4.
3188,4.
3189,4.
3190,4.
3191,4.
3192,4.
3193,4.
3194,4.
3195,4.
3196,4.
3197,4.
3198,4.
3199,4.
3200,4.
3201,4.
3202,4.
3203,4.
3204,4.
3205,4.
3206,4.
3207,4.
3208,4.
3209,4.
3210,4.
3211,4.
3212,4.
3213,4.
3214,4.
3215,4.
3216,4.
3217,4.
3218,4.
3219,4.
3220,4.
3221,4.
3222,4.
3223,4.
3224,4.
3225,4.
3226,4.
3227,4.
3228,4.
3229,4.
3230,4.
3231,4.
3232,4.
3233,4.
3234,4.
3235,4.
3236,4.
3237,4.
3238,4.
3239,4.
3240,4.
3241,4.
3242,4.
3243,4.
3244,4.
3245,4.
3246,4.
3247,4.
3248,4.
3249,4.
3250,4.
3251,4.
3252,4.
3253,4.
3254,4.
3255,4.
3256,4.
3257,4.
3258,4.
3259,4.
3260,4.
3261,4.
3262,4.
3263,4.
3264,4.
3265,4.
3266,4.
3267,4.
3268,4.
3269,4.
3270,4.
3271,4.
3272,4.
3273,4.
3274,4.
3275,4.
3276,4.
3277,4.
3278,4.
3279,4.
3280,4.
3281,4.
3282,4.
3283,4.
3284,4.
3285,4.
3286,4.
3287,4.
3288,4.
3289,4.
3290,4.
3291,4.
3292,4.
3293,4.
3294,4.
3295,4.
3296,4.
3297,4.
3298,4.
3299,4.
3300,4.
3301,4.
3302,4.
3303,4.
3304,4.
3305,4.
3306,4.
3307,4.
3308,4.
3309,4.
3310,4.
3311,4.
3312,4.
3313,4.
3314,4.
3315,4.
3316,4.
3317,4.
3318,4.
3319,4.
3320,4.
3321,4.
3322,4.
3323,4.
3324,4.
3325,4.
3326,4.
3327,4.
3328,4.
3329,4.
3330,4.
3331,4.
3332,4.
3333,4.
3334,4.
3335,4.
3336,4.
3337,4.
3338,4.
3339,4.
3340,4.
3341,4.
3342,4.
3343,4.
3344,4.
3345,4.
3346,4.
3347,4.
3348,4.
3349,4.
3350,4.
3351,4.
3352,4.
3353,4.
3354,4.
3355,4.
3356,4.
3357,4.
3358,4.
3359,4.
3360,4.
3361,4.
3362,4.
3363,4.
3364,4.
3365,4.
3366,4.
3367,4.
3368,4.
3369,4.
3370,4.
3371,4.
3372,4.
3373,4.
3374,4.
3375,4.
3376,4.
3377,4.
3378,4.
3379,4.
3380,4.
3381,4.
3382,4.
3383,4.
3384,4.
3385,4.
3386,4.
3387,4.
3388,4.
3389,4.
3390,4.
3391,4.
3392,4.
3393,4.
3394,4.
3395,4.
3396,4.
3397,4.
3398,4.
3399,4.
3400,4.
3401,4.
3402,4.
3403,4.
3404,4.
3405,4.
3406,4.
3407,4.
3408,4.
3409,4.
3410,4.
3411,4.
3412,4.
3413,4.
3414,4.
3415,4.
3416,4.
3417,4.
3418,4.
3419,4.
3420,4.
3421,4.
3422,4.
3423,4.
3424,4.
3425,4.
3426,4.
3427,4.
3428,4.
3429,4.
3430,4.
3431,4.
3432,4.
3433,4.
3434,4.
3435,4.
3436,4.
3437,4.
3438,4.
3439,4.
3440,4.
3441,4.
3442,4.
3443,4.
3444,4.
3445,4.
3446,4.
3447,4.
3448,4.
3449,4.
3450,4.
3451,4.
3452,4.
3453,4.
3454,4.
3455,4.
3456,4.
3457,4.
3458,4.
3459,4.
3460,4.
3461,4.
3462,4.
3463,4.
3464,4.
3465,4.
3466,4.
3467,4.
3468,4.
3469,4.
3470,4.
3471,4.
3472,4.
3473,4.
3474,4.
3475,4.
3476,4.
3477,4.
3478,4.
3479,4.
3480,4.
3481,4.
3482,4.
3483,4.
3484,4.
3485,4.
3486,4.
3487,4.
3488,4.
3489,4.
3490,4.
3491,4.
3492,4.
3493,4.
3494,4.
3495,4.
3496,4.
3497,4.
3498,4.
3499,4.
3500,4.
3501,4.
3502,4.
3503,4.
3504,4.
3505,4.
3506,4.
3507,4.
3508,4.
3509,4.
3510,4.
3511,4.
3512,4.
3513,4.
3514,4.
3515,4.
3516,4.
3517,4.
3518,4.
3519,4.
3520,4.
3521,4.
3522,4.
3523,4.
3524,4.
3525,4.
3526,4.
3527,4.
3528,4.
3529,4.
3530,4.
3531,4.
3532,4.
3533,4.
3534,4.
3535,4.
3536,4.
3537,4.
3538,4.
3539,4.
3540,4.
3541,4.
3542,4.
3543,4.
3544,4.
3545,4.
3546,4.
3547,4.
3548,4.
3549,4.
3550,4.
3551,4.
3552,4.
3553,4.
3554,4.
3555,4.
3556,4.
3557,4.
3558,4.
3559,4.
3560,4.
3561,4.
3562,4.
3563,4.
3564,4.
3565,4.
3566,4.
3567,4.
3568,4.
3569,4.
3570,4.
3571,4.
3572,4.
3573,4.
3574,4.
3575,4.
3576,4.
3577,4.
3578,4.
3579,4.
3580,4.
3581,4.
3582,4.
3583,4.
3584,4.
3585,4.
3586,4.
3587,4.
3588,4.
3589,4.
3590,4.
3591,4.
3592,4.
3593,4.
3594,4.
3595,4.
3596,4.
3597,4.
3598,4.
3599,4.
3600,4.
3601,4.
3602,4.
3603,4.
3604,4.
3605,4.
3606,4.
3607,4.
3608,4.
3609,4.
3610,4.
3611,4.
3612,4.
3613,4.
3614,4.
3615,4.
3616,4.
3617,4.
3618,4.
3619,4.
3620,4.
3621,4.
3622,4.
3623,4.
3624,4.
3625,4.
3626,4.
3627,4.
3628,4.
3629,4.
3630,4.
3631,4.
3632,4.
3633,4.
3634,4.
3635,4.
3636,4.
3637,4.
3638,4.
3639,4.
3640,4.
3641,4.
3642,4.
3643,4.
3644,4.
3645,4.
3646,4.
3647,4.
3648,4.
3649,4.
3650,4.
3651,4.
3652,4.
3653,4.
3654,4.
3655,4.
3656,4.
3657,4.
3658,4.
3659,4.
3660,4.
3661,4.
3662,4.
3663,4.
3664,4.
3665,4.
3666,4.
3667,4.
3668,4.
3669,4.
3670,4.
3671,4.
3672,4.
3673,4.
3674,4.
3675,4.
3676,4.
3677,4.
3678,4.
3679,4.
3680,4.
3681,4.
3682,4.
3683,4.
3684,4.
3685,4.
3686,4.
3687,4.
3688,4.
3689,4.
3690,4.
3691,4.
3692,4.
3693,4.
3694,4.
3695,4.
3696,4.
3697,4.
3698,4.
3699,4.
3700,4.
3701,4.
3702,4.
3703,4.
3704,4.
3705,4.
3706,4.
3707,4.
3708,4.
3709,4.
3710,4.
3711,4.
3712,4.
3713,4.
3714,4.
3715,4.
3716,4.
3717,4.
3718,4.
3719,4.
3720,4.
3721,4.
3722,4.
3723,4.
3724,4.
3725,4.
3726,4.
3727,4.
3728,4.
3729,4.
3730,4.
3731,4.
3732,4.
3733,4.
3734,4.
3735,4.
3736,4.
3737,4.
3738,4.
3739,4.
3740,4.
3741,4.
3742,4.
3743,4.
3744,4.
3745,4.
3746,4.
3747,4.
3748,4.
3749,4.
3750,4.
3751,4.
3752,4.
3753,4.
3754,4.
3755,4.
3756,4.
3757,4.
3758,4.
3759,4.
3760,4.
3761,4.
3762,4.
3763,4.
3764,4.
3765,4.
3766,4.
3767,4.
3768,4.
3769,4.
3770,4.
3771,4.
3772,4.
3773,4.
3774,4.
3775,4.
3776,4.
3777,4.
3778,4.
3779,4.
3780,4.
3781,4.
3782,4.
3783,4.
3784,4.
3785,4.
3786,4.
3787,4.
3788,4.
3789,4.
3790,4.
3791,4.
3792,4.
3793,4.
3794,4.
3795,4.
3796,4.
3797,4.
3798,4.
3799,4.
3800,4.
3801,4.
3802,4.
3803,4.
3804,4.
3805,4.
3806,4.
3807,4.
3808,4.
3809,4.
3810,4.
3811,4.
3812,4.
3813,4.
3814,4.
3815,4.
3816,4.
3817,4.
3818,4.
3819,4.
3820,4.
3821,4.
3822,4.
3823,4.
3824,4.
3825,4.
3826,4.
3827,4.
3828,4.
3829,4.
3830,4.
3831,4.
3832,4.
3833,4.
3834,4.
3835,4.
3836,4.
3837,4.
3838,4.
3839,4.
3840,4.
3841,4.
3842,4.
3843,4.
3844,4.
3845,4.
3846,4.
3847,4.
3848,4.
3849,4.
3850,4.
3851,4.
3852,4.
3853,4.
3854,4.
3855,4.
3856,4.
3857,4.
3858,4.
3859,4.
3860,4.
3861,4.
3862,4.
3863,4.
3864,4.
3865,4.
3866,4.
3867,4.
3868,4.
3869,4.
3870,4.
3871,4.
3872,4.
3873,4.
3874,4.
3875,4.
3876,4.
3877,4.
3878,4.
3879,4.
3880,4.
3881,4.
3882,4.
3883,4.
3884,4.
3885,4.
3886,4.
3887,4.
3888,4.
3889,4.
3890,4.
3891,4.
3892,4.
3893,4.
3894,4.
3895,4.
3896,4.
3897,4.
3898,4.
3899,4.
3900,4.
3901,4.
3902,4.
3903,4.
3904,4.
3905,4.
3906,4.
3907,4.
3908,4.
3909,4.
3910,4.
3911,4.
3912,4.
3913,4.
3914,4.
3915,4.
3916,4.
3917,4.
3918,4.
3919,4.
3920,4.
3921,4.
3922,4.
3923,4.
3924,4.
3925,4.
3926,4.
3927,4.
3928,4.
3929,4.
3930,4.
3931,4.
3932,4.
3933,4.
3934,4.
3935,4.
3936,4.
3937,4.
3938,4.
3939,4.
3940,4.
3941,4.
3942,4.
3943,4.
3944,4.
3945,4.
3946,4.
3947,4.
3948,4.
3949,4.
3950,4.
3951,4.
3952,4.
3953,4.
3954,4.
3955,4.
3956,4.
3957,4.
3958,4.
3959,4.
3960,4.
3961,4.
3962,4.
3963,4.
3964,4.
3965,4.
3966,4.
3967,4.
3968,4.
3969,4.
3970,4.
3971,4.
3972,4.
3973,4.
3974,4.
3975,4.
3976,4.
3977,4.
3978,4.
3979,4.
3980,4.
3981,4.
3982,4.
3983,4.
3984,4.
3985,4.
3986,4.
3987,4.
3988,4.
3989,4.
3990,4.
3991,4.
3992,4.
3993,4.
3994,4.
3995,4.
3996,4.
3997,4.
3998,4.
3999,4.
4000,4.
4001,4.
4002,4.
4003,4.
4004,4.
4005,4.
4006,4.
4007,4.
4008,4.
4009,4.
4010,4.
4011,4.
4012,4.
4013,4.
4014,4.
4015,4.
4016,4.
4017,4.
4018,4.
4019,4.
4020,4.
4021,4.
4022,4.
4023,4.
4024,4.
4025,4.
4026,4.
4027,4.
4028,4.
4029,4.
4030,4.
4031,4.
4032,4.
4033,4.
4034,4.
4035,4.
4036,4.
4037,4.
4038,4.
4039,4.
4040,4.
4041,4.
4042,4.
4043,4.
4044,4.
4045,4.
4046,4.
4047,4.
4048,4.
4049,4.
4050,4.
4051,4.
4052,4.
4053,4.
4054,4.
4055,4.
4056,4.
4057,4.
4058,4.
4059,4.
4060,4.
4061,4.
4062,4.
4063,4.
4064,4.
4065,4.
4066,4.
4067,4.
4068,4.
4069,4.
4070,4.
4071,4.
4072,4.
4073,4.
4074,4.
4075,4.
4076,4.
4077,4.
4078,4.
4079,4.
4080,4.
4081,4.
4082,4.
4083,4.
4084,4.
4085,4.
4086,4.
4087,4.
4088,4.
4089,4.
4090,4.
4091,4.
4092,4.
4093,4.
4094,4.
4095,4.
4096,4.
4097,4.
4098,4.
4099,4.
4100,4.
4101,4.
4102,4.
4103,4.
4104,4.
4105,4.
4106,4.
4107,4.
4108,4.
4109,4.
4110,4.
4111,4.
4112,4.
4113,4.
4114,4.
4115,4.
4116,4.
4117,4.
4118,4.
4119,4.
4120,4.
4121,4.
4122,4.
4123,4.
4124,4.
4125,4.
4126,4.
4127,4.
4128,4.
4129,4.
4130,4.
4131,4.
4132,4.
4133,4.
4134,4.
4135,4.
4136,4.
4137,4.
4138,4.
4139,4.
4140,4.
4141,4.
4142,4.
4143,4.
4144,4.
4145,4.
4146,4.
4147,4.
4148,4.
4149,4.
4150,4.
4151,4.
4152,4.
4153,4.
4154,4.
4155,4.
4156,4.
4157,4.
4158,4.
4159,4.
4160,4.
4161,4.
4162,4.
4163,4.
4164,4.
4165,4.
4166,4.
4167,4.
4168,4.
4169,4.
4170,4.
4171,4.
4172,4.
4173,4.
4174,4.
4175,4.
4176,4.
4177,4.
4178,4.
4179,4.
4180,4.
4181,4.
4182,4.
4183,4.
4184,4.
4185,4.
4186,4.
4187,4.
4188,4.
4189,4.
4190,4.
4191,4.
4192,4.
4193,4.
4194,4.
4195,4.
4196,4.
4197,4.
4198,4.
4199,4.
4200,4.
4201,4.
4202,4.
4203,4.
4204,4.
4205,4.
4206,4.
4207,4.
4208,4.
4209,4.
4210,4.
4211,4.
4212,4.
4213,4.
4214,4.
4215,4.
4216,4.
4217,4.
4218,4.
4219,4.
4220,4.
4221,4.
4222,4.
4223,4.
4224,4.
4225,4.
4226,4.
4227,4.
4228,4.
4229,4.
4230,4.
4231,4.
4232,4.
4233,4.
4234,4.
4235,4.
4236,4.
4237,4.
4238,4.
4239,4.
4240,4.
4241,4.
4242,4.
4243,4.
4244,4.
4245,4.
4246,4.
4247,4.
4248,4.
4249,4.
4250,4.
4251,4.
4252,4.
4253,4.
4254,4.
4255,4.
4256,4.
4257,4.
4258,4.
4259,4.
4260,4.
4261,4.
4262,4.
4263,4.
4264,4.
4265,4.
4266,4.
4267,4.
4268,4.
4269,4.
4270,4.
4271,4.
4272,4.
4273,4.
4274,4.
4275,4.
4276,4.
4277,4.
4278,4.
4279,4.
4280,4.
4281,4.
4282,4.
4283,4.
4284,4.
4285,4.
4286,4.
4287,4.
4288,4.
4289,4.
4290,4.
4291,4.
4292,4.
4293,4.
4294,4.
4295,4.
4296,4.
4297,4.
4298,4.
4299,4.
4300,4.
4301,4.
4302,4.
4303,4.
4304,4.
4305,4.
4306,4.
4307,4.
4308,4.
4309,4.
4310,4.
4311,4.
4312,4.
4313,4.
4314,4.
4315,4.
4316,4.
4317,4.
4318,4.
4319,4.
4320,4.
4321,4.
4322,4.
4323,4.
4324,4.
4325,4.
4326,4.
4327,4.
4328,4.
4329,4.
4330,4.
4331,4.
4332,4.
4333,4.
4334,4.
4335,4.
4336,4.
4337,4.
4338,4.
4339,4.
4340,4.
4341,4.
4342,4.
4343,4.
4344,4.
4345,4.
4346,4.
4347,4.
4348,4.
4349,4.
4350,4.
4351,4.
4352,4.
4353,4.
4354,4.
4355,4.
4356,4.
4357,4.
4358,4.
4359,4.
4360,4.
4361,4.
4362,4.
4363,4.
4364,4.
4365,4.
4366,4.
4367,4.
4368,4.
4369,4.
4370,4.
4371,4.
4372,4.
4373,4.
4374,4.
4375,4.
4376,4.
4377,4.
4378,4.
4379,4.
4380,4.
4381,4.
4382,4.
4383,4.
4384,4.
4385,4.
4386,4.
4387,4.
4388,4.
4389,4.
4390,4.
4391,4.
4392,4.
4393,4.
4394,4.
4395,4.
4396,4.
4397,4.
4398,4.
4399,4.
4400,4.
4401,4.
4402,4.
4403,4.
4404,4.
4405,4.
4406,4.
4407,4.
4408,4.
4409,4.
4410,4.
4411,4.
4412,4.
4413,4.
4414,4.
4415,4.
4416,4.
4417,4.
4418,4.
4419,4.
4420,4.
4421,4.
4422,4.
4423,4.
4424,4.
4425,4.
4426,4.
4427,4.
4428,4.
4429,4.
4430,4.
4431,4.
4432,4.
4433,4.
4434,4.
4435,4.
4436,4.
4437,4.
4438,4.
4439,4.
4440,4.
4441,4.
4442,4.
4443,4.
4444,4.
4445,4.
4446,4.
4447,4.
4448,4.
4449,4.
4450,4.
4451,4.
4452,4.
4453,4.
4454,4.
4455,4.
4456,4.
4457,4.
4458,4.
4459,4.
4460,4.
4461,4.
4462,4.
4463,4.
4464,4.
4465,4.
4466,4.
4467,4.
4468,4.
4469,4.
4470,4.
4471,4.
4472,4.
4473,4.
4474,4.
4475,4.
4476,4.
4477,4.
4478,4.
4479,4.
4480,4.
4481,4.
4482,4.
4483,4.
4484,4.
4485,4.
4486,4.
4487,4.
4488,4.
4489,4.
4490,4.
4491,4.
4492,4.
4493,4.
4494,4.
4495,4.
4496,4.
4497,4.
4498,4.
4499,4.
4500,4.
4501,4.
4502,4.
4503,4.
4504,4.
4505,4.
4506,4.
4507,4.
4508,4.
4509,4.
4510,4.
4511,4.
4512,4.
4513,4.
4514,4.
4515,4.
4516,4.
4517,4.
4518,4.
4519,4.
4520,4.
4521,4.
4522,4.
4523,4.
4524,4.
4525,4.
4526,4.
4527,4.
4528,4.
4529,4.
4530,4.
4531,4.
4532,4.
4533,4.
4534,4.
4535,4.
4536,4.
4537,4.
4538,4.
4539,4.
4540,4.
4541,4.
4542,4.
4543,4.
4544,4.
4545,4.
4546,4.
4547,4.
4548,4.
4549,4.
4550,4.
4551,4.
4552,4.
4553,4.
4554,4.
4555,4.
4556,4.
4557,4.
4558,4.
4559,4.
4560,4.
4561,4.
4562,4.
4563,4.
4564,4.
4565,4.
4566,4.
4567,4.
4568,4.
4569,4.
4570,4.
4571,4.
4572,4.
4573,4.
4574,4.
4575,4.
4576,4.
4577,4.
4578,4.
4579,4.
4580,4.
4581,4.
4582,4.
4583,4.
4584,4.
4585,4.
4586,4.
4587,4.
4588,4.
4589,4.
4590,4.
4591,4.
4592,4.
4593,4.
4594,4.
4595,4.
4596,4.
4597,4.
4598,4.
4599,4.
4600,4.
4601,4.
4602,4.
4603,4.
4604,4.
4605,4.
4606,4.
4607,4.
4608,4.
4609,4.
4610,4.
4611,4.
4612,4.
4613,4.
4614,4.
4615,4.
4616,4.
4617,4.
4618,4.
4619,4.
4620,4.
4621,4.
4622,4.
4623,4.
4624,4.
4625,4.
4626,4.
4627,4.
4628,4.
4629,4.
4630,4.
4631,4.
4632,4.
4633,4.
4634,4.
4635,4.
4636,4.
4637,4.
4638,4.
4639,4.
4640,4.
4641,4.
4642,4.
4643,4.
4644,4.
4645,4.
4646,4.
4647,4.
4648,4.
4649,4.
4650,4.
4651,4.
4652,4.
4653,4.
4654,4.
4655,4.
4656,4.
4657,4.
4658,4.
4659,4.
4660,4.
4661,4.
4662,4.
4663,4.
4664,4.
4665,4.
4666,4.
4667,4.
4668,4.
4669,4.
4670,4.
4671,4.
4672,4.
4673,4.
4674,4.
4675,4.
4676,4.
4677,4.
4678,4.
4679,4.
4680,4.
4681,4.
4682,4.
4683,4.
4684,4.
4685,4.
4686,4.
4687,4.
4688,4.
4689,4.
4690,4.
4691,4.
4692,4.
4693,4.
4694,4.
4695,4.
4696,4.
4697,4.
4698,4.
4699,4.
4700,4.
4701,4.
4702,4.
4703,4.
4704,4.
4705,4.
4706,4.
4707,4.
4708,4.
4709,4.
4710,4.
4711,4.
4712,4.
4713,4.
4714,4.
4715,4.
4716,4.
4717,4.
4718,4.
4719,4.
4720,4.
4721,4.
4722,4.
4723,4.
4724,4.
4725,4.
4726,4.
4727,4.
4728,4.
4729,4.
4730,4.
4731,4.
4732,4.
4733,4.
4734,4.
4735,4.
4736,4.
4737,4.
4738,4.
4739,4.
4740,4.
4741,4.
4742,4.
4743,4.
4744,4.
4745,4.
4746,4.
4747,4.
4748,4.
4749,4.
4750,4.
4751,4.
4752,4.
4753,4.
4754,4.
4755,4.
4756,4.
4757,4.
4758,4.
4759,4.
4760,4.
4761,4.
4762,4.
4763,4.
4764,4.
4765,4.
4766,4.
4767,4.
4768,4.
4769,4.
4770,4.
4771,4.
4772,4.
4773,4.
4774,4.
4775,4.
4776,4.
4777,4.
4778,4.
4779,4.
4780,4.
4781,4.
4782,4.
4783,4.
4784,4.
4785,4.
4786,4.
4787,4.
4788,4.
4789,4.
4790,4.
4791,4.
4792,4.
4793,4.
4794,4.
4795,4.
4796,4.
4797,4.
4798,4.
4799,4.
4800,4.
4801,4.
4802,4.
4803,4.
4804,4.
4805,4.
4806,4.
4807,4.
4808,4.
4809,4.
4810,4.
4811,4.
4812,4.
4813,4.
4814,4.
4815,4.
4816,4.
4817,4.
4818,4.
4819,4.
4820,4.
4821,4.
4822,4.
4823,4.
4824,4.
4825,4.
4826,4.
4827,4.
4828,4.
4829,4.
4830,4.
4831,4.
4832,4.
4833,4.
4834,4.
4835,4.
4836,4.
4837,4.
4838,4.
4839,4.
4840,4.
4841,4.
4842,4.
4843,4.
4844,4.
4845,4.
4846,4.
4847,4.
4848,4.
4849,4.
4850,4.
4851,4.
4852,4.
4853,4.
4854,4.
4855,4.
4856,4.
4857,4.
4858,4.
4859,4.
4860,4.
4861,4.
4862,4.
4863,4.
4864,4.
4865,4.
4866,4.
4867,4.
4868,4.
4869,4.
4870,4.
4871,4.
4872,4.
4873,4.
4874,4.
4875,4.
4876,4.
4877,4.
4878,4.
4879,4.
4880,4.
4881,4.
4882,4.
4883,4.
4884,4.
4885,4.
4886,4.
4887,4.
4888,4.
4889,4.
4890,4.
4891,4.
4892,4.
4893,4.
4894,4.
4895,4.
4896,4.
4897,4.
4898,4.
4899,4.
4900,4.
4901,4.
4902,4.
4903,4.
4904,4.
4905,4.
4906,4.
4907,4.
4908,4.
4909,4.
4910,4.
4911,4.
4912,4.
4913,4.
4914,4.
4915,4.
4916,4.
4917,4.
4918,4.
4919,4.
4920,4.
4921,4.
4922,4.
4923,4.
4924,4.
4925,4.
4926,4.
4927,4.
4928,4.
4929,4.
4930,4.
4931,4.
4932,4.
4933,4.
4934,4.
4935,4.
4936,4.
4937,4.
4938,4.
4939,4.
4940,4.
4941,4.
4942,4.
4943,4.
4944,4.
4945,4.
4946,4.
4947,4.
4948,4.
4949,4.
4950,4.
4951,4.
4952,4.
4953,4.
4954,4.
4955,4.
4956,4.
4957,4.
4958,4.
4959,4.
4960,4.
4961,4.
4962,4.
4963,4.
4964,4.
4965,4.
4966,4.
4967,4.
4968,4.
4969,4.
4970,4.
4971,4.
4972,4.
4973,4.
4974,4.
4975,4.
4976,4.
4977,4.
4978,4.
4979,4.
4980,4.
4981,4.
4982,4.
4983,4.
4984,4.
4985,4.
4986,4.
4987,4.
4988,4.
4989,4.
4990,4.
4991,4.
4992,4.
4993,4.
4994,4.
4995,4.
4996,4.
4997,4.
4998,4.
4999,4.
5000,4.
5001,4.
5002,4.
5003,4.
5004,4.
5005,4.
5006,4.
5007,4.
5008,4.
5009,4.
5010,4.
5011,4.
5012,4.
5013,4.
5014,4.
5015,4.
5016,4.
5017,4.
5018,4.
5019,4.
5020,4.
5021,4.
5022,4.
5023,4.
5024,4.
5025,4.
5026,4.
5027,4.
5028,4.
5029,4.
5030,4.
5031,4.
5032,4.
5033,4.
5034,4.
5035,4.
5036,4.
5037,4.
5038,4.
5039,4.
5040,4.
5041,4.
5042,4.
5043,4.
5044,4.
5045,4.
5046,4.
5047,4.
5048,4.
5049,4.
5050,4.
5051,4.
5052,4.
5053,4.
5054,4.
5055,4.
5056,4.
5057,4.
5058,4.
5059,4.
5060,4.
5061,4.
5062,4.
5063,4.
5064,4.
5065,4.
5066,4.
5067,4.
5068,4.
5069,4.
5070,4.
5071,4.
5072,4.
5073,4.
5074,4.
5075,4.
5076,4.
5077,4.
5078,4.
5079,4.
5080,4.
5081,4.
5082,4.
5083,4.
5084,4.
5085,4.
5086,4.
5087,4.
5088,4.
5089,4.
5090,4.
5091,4.
5092,4.
5093,4.
5094,4.
5095,4.
5096,4.
5097,4.
5098,4.
5099,4.
5100,4.
5101,4.
5102,4.
5103,4.
5104,4.
5105,4.
5106,4.
5107,4.
5108,4.
5109,4.
5110,4.
5111,4.
5112,4.
5113,4.
5114,4.
5115,4.
5116,4.
5117,4.
5118,4.
5119,4.
5120,4.
5121,4.
5122,4.
5123,4.
5124,4.
5125,4.
5126,4.
5127,4.
5128,4.
5129,4.
5130,4.
5131,4.
5132,4.
5133,4.
5134,4.
5135,4.
5136,4.
5137,4.
5138,4.
5139,4.
5140,4.
5141,4.
5142,4.
5143,4.
5144,4.
5145,4.
5146,4.
5147,4.
5148,4.
5149,4.
5150,4.
5151,4.
5152,4.
5153,4.
5154,4.
5155,4.
5156,4.
5157,4.
5158,4.
5159,4.
5160,4.
5161,4.
5162,4.
5163,4.
5164,4.
5165,4.
5166,4.
5167,4.
5168,4.
5169,4.
5170,4.
5171,4.
5172,4.
5173,4.
5174,4.
5175,4.
5176,4.
5177,4.
5178,4.
5179,4.
5180,4.
5181,4.
5182,4.
5183,4.
5184,4.
5185,4.
5186,4.
5187,4.
5188,4.
5189,4.
5190,4.
5191,4.
5192,4.
5193,4.
5194,4.
5195,4.
5196,4.
5197,4.
5198,4.
5199,4.
5200,4.
5201,4.
5202,4.
5203,4.
5204,4.
5205,4.
5206,4.
5207,4.
5208,4.
5209,4.
5210,4.
5211,4.
5212,4.
5213,4.
5214,4.
5215,4.
5216,4.
5217,4.
5218,4.
5219,4.
5220,4.
5221,4.
5222,4.
5223,4.
5224,4.
5225,4.
5226,4.
5227,4.
5228,4.
5229,4.
5230,4.
5231,4.
5232,4.
5233,4.
5234,4.
5235,4.
5236,4.
5237,4.
5238,4.
5239,4.
5240,4.
5241,4.
5242,4.
5243,4.
5244,4.
5245,4.
5246,4.
5247,4.
5248,4.
5249,4.
5250,4.
5251,4.
5252,4.
5253,4.
5254,4.
5255,4.
5256,4.
5257,4.
5258,4.
5259,4.
5260,4.
5261,4.
5262,4.
5263,4.
5264,4.
5265,4.
5266,4.
5267,4.
5268,4.
5269,4.
5270,4.
5271,4.
5272,4.
5273,4.
5274,4.
5275,4.
5276,4.
5277,4.
5278,4.
5279,4.
5280,4.
5281,4.
5282,4.
5283,4.
5284,4.
5285,4.
5286,4.
5287,4.
5288,4.
5289,4.
5290,4.
5291,4.
5292,4.
5293,4.
5294,4.
5295,4.
5296,4.
5297,4.
5298,4.
5299,4.
5300,4.
5301,4.
5302,4.
5303,4.
5304,4.
5305,4.
5306,4.
5307,4.
5308,4.
5309,4.
5310,4.
5311,4.
5312,4.
5313,4.
5314,4.
5315,4.
5316,4.
5317,4.
5318,4.
5319,4.
5320,4.
5321,4.
5322,4.
5323,4.
5324,4.
5325,4.
5326,4.
5327,4.
5328,4.
5329,4.
5330,4.
5331,4.
5332,4.
5333,4.
5334,4.
5335,4.
5336,4.
5337,4.
5338,4.
5339,4.
5340,4.
5341,4.
5342,4.
5343,4.
5344,4.
5345,4.
5346,4.
5347,4.
5348,4.
5349,4.
5350,4.
5351,4.
5352,4.
5353,4.
5354,4.
5355,4.
5356,4.
5357,4.
5358,4.
5359,4.
5360,4.
5361,4.
5362,4.
5363,4.
5364,4.
5365,4.
5366,4.
5367,4.
5368,4.
5369,4.
5370,4.
5371,4.
5372,4.
5373,4.
5374,4.
5375,4.
5376,4.
5377,4.
5378,4.
5379,4.
5380,4.
5381,4.
5382,4.
5383,4.
5384,4.
5385,4.
5386,4.
5387,4.
5388,4.
5389,4.
5390,4.
5391,4.
5392,4.
5393,4.
5394,4.
5395,4.
5396,4.
5397,4.
5398,4.
5399,4.
5400,4.
5401,4.
5402,4.
5403,4.
5404,4.
5405,4.
5406,4.
5407,4.
5408,4.
5409,4.
5410,4.
5411,4.
5412,4.
5413,4.
5414,4.
5415,4.
5416,4.
5417,4.
5418,4.
5419,4.
5420,4.
5421,4.
5422,4.
5423,4.
5424,4.
5425,4.
5426,4.
5427,4.
5428,4.
5429,4.
5430,4.
5431,4.
5432,4.
5433,4.
5434,4.
5435,4.
5436,4.
5437,4.
5438,4.
5439,4.
5440,4.
5441,4.
5442,4.
5443,4.
5444,4.
5445,4.
5446,4.
5447,4.
5448,4.
5449,4.
5450,4.
5451,4.
5452,4.
5453,4.
5454,4.
5455,4.
5456,4.
5457,4.
5458,4.
5459,4.
5460,4.
5461,4.
5462,4.
5463,4.
5464,4.
5465,4.
5466,4.
5467,4.
5468,4.
5469,4.
5470,4.
5471,4.
5472,4.
5473,4.
5474,4.
5475,4.
5476,4.
5477,4.
5478,4.
5479,4.
5480,4.
5481,4.
5482,4.
5483,4.
5484,4.
5485,4.
5486,4.
5487,4.
5488,4.
5489,4.
5490,4.
5491,4.
5492,4.
5493,4.
5494,4.
5495,4.
5496,4.
5497,4.
5498,4.
5499,4.
5500,4.
5501,4.
5502,4.
5503,4.
5504,4.
5505,4.
5506,4.
5507,4.
5508,4.
5509,4.
5510,4.
5511,4.
5512,4.
5513,4.
5514,4.
5515,4.
5516,4.
5517,4.
5518,4.
5519,4.
5520,4.
5521,4.
5522,4.
5523,4.
5524,4.
5525,4.
5526,4.
5527,4.
5528,4.
5529,4.
5530,4.
5531,4.
5532,4.
5533,4.
5534,4.
5535,4.
5536,4.
5537,4.
5538,4.
5539,4.
5540,4.
5541,4.
5542,4.
5543,4.
5544,4.
5545,4.
5546,4.
5547,4.
5548,4.
5549,4.
5550,4.
5551,4.
5552,4.
5553,4.
5554,4.
5555,4.
5556,4.
5557,4.
5558,4.
5559,4.
5560,4.
5561,4.
5562,4.
5563,4.
5564,4.
5565,4.
5566,4.
5567,4.
5568,4.
5569,4.
5570,4.
5571,4.
5572,4.
5573,4.
5574,4.
5575,4.
5576,4.
5577,4.
5578,4.
5579,4.
5580,4.
5581,4.
5582,4.
5583,4.
5584,4.
5585,4.
5586,4.
5587,4.
5588,4.
5589,4.
5590,4.
5591,4.
5592,4.
5593,4.
5594,4.
5595,4.
5596,4.
5597,4.
5598,4.
5599,4.
5600,4.
5601,4.
5602,4.
5603,4.
5604,4.
5605,4.
5606,4.
5607,4.
5608,4.
5609,4.
5610,4.
5611,4.
5612,4.
5613,4.
5614,4.
5615,4.
5616,4.
5617,4.
5618,4.
5619,4.
5620,4.
5621,4.
5622,4.
5623,4.
5624,4.
5625,4.
5626,4.
5627,4.
5628,4.
5629,4.
5630,4.
5631,4.
5632,4.
5633,4.
5634,4.
5635,4.
5636,4.
5637,4.
5638,4.
5639,4.
5640,4.
5641,4.
5642,4.
5643,4.
5644,4.
5645,4.
5646,4.
5647,4.
5648,4.
5649,4.
5650,4.
5651,4.
5652,4.
5653,4.
5654,4.
5655,4.
5656,4.
5657,4.
5658,4.
5659,4.
5660,4.
5661,4.
5662,4.
5663,4.
5664,4.
5665,4.
5666,4.
5667,4.
5668,4.
5669,4.
5670,4.
5671,4.
5672,4.
5673,4.
5674,4.
5675,4.
5676,4.
5677,4.
5678,4.
5679,4.
5680,4.
5681,4.
5682,4.
5683,4.
5684,4.
5685,4.
5686,4.
5687,4.
5688,4.
5689,4.
5690,4.
5691,4.
5692,4.
5693,4.
5694,4.
5695,4.
5696,4.
5697,4.
5698,4.
5699,4.
5700,4.
5701,4.
5702,4.
5703,4.
5704,4.
5705,4.
5706,4.
5707,4.
5708,4.
5709,4.
5710,4.
5711,4.
5712,4.
5713,4.
5714,4.
5715,4.
5716,4.
5717,4.
5718,4.
5719,4.
5720,4.
5721,4.
5722,4.
5723,4.
5724,4.
5725,4.
5726,4.
5727,4.
5728,4.
5729,4.
5730,4.
5731,4.
5732,4.
5733,4.
5734,4.
5735,4.
5736,4.
5737,4.
5738,4.
5739,4.
5740,4.
5741,4.
5742,4.
5743,4.
5744,4.
5745,4.
5746,4.
5747,4.
5748,4.
5749,4.
5750,4.
5751,4.
5752,4.
5753,4.
5754,4.
5755,4.
5756,4.
5757,4.
5758,4.
5759,4.
5760,4.
5761,4.
5762,4.
5763,4.
5764,4.
5765,4.
5766,4.
5767,4.
5768,4.
5769,4.
5770,4.
5771,4.
5772,4.
5773,4.
5774,4.
5775,4.
5776,4.
5777,4.
5778,4.
5779,4.
5780,4.
5781,4.
5782,4.
5783,4.
5784,4.
5785,4.
5786,4.
5787,4.
5788,4.
5789,4.
5790,4.
5791,4.
5792,4.
5793,4.
5794,4.
5795,4.
5796,4.
5797,4.
5798,4.
5799,4.
5800,4.
5801,4.
5802,4.
5803,4.
5804,4.
5805,4.
5806,4.
5807,4.
5808,4.
5809,4.
5810,4.
5811,4.
5812,4.
5813,4.
5814,4.
5815,4.
5816,4.
5817,4.
5818,4.
5819,4.
5820,4.
5821,4.
5822,4.
5823,4.
5824,4.
5825,4.
5826,4.
5827,4.
5828,4.
5829,4.
5830,4.
5831,4.
5832,4.
5833,4.
5834,4.
5835,4.
5836,4.
5837,4.
5838,4.
5839,4.
5840,4.
5841,4.
5842,4.
5843,4.
5844,4.
5845,4.
5846,4.
5847,4.
5848,4.
5849,4.
5850,4.
5851,4.
5852,4.
5853,4.
5854,4.
5855,4.
5856,4.
5857,4.
5858,4.
5859,4.
5860,4.
5861,4.
5862,4.
5863,4.
5864,4.
5865,4.
5866,4.
5867,4.
5868,4.
5869,4.
5870,4.
5871,4.
5872,4.
5873,4.
5874,4.
5875,4.
5876,4.
5877,4.
5878,4.
5879,4.
5880,4.
5881,4.
5882,4.
5883,4.
5884,4.
5885,4.
5886,4.
5887,4.
5888,4.
5889,4.
5890,4.
5891,4.
5892,4.
5893,4.
5894,4.
5895,4.
5896,4.
5897,4.
5898,4.
5899,4.
5900,4.
5901,4.
5902,4.
5903,4.
5904,4.
5905,4.
5906,4.
5907,4.
5908,4.
5909,4.
5910,4.
5911,4.
5912,4.
5913,4.
5914,4.
5915,4.
5916,4.
5917,4.
5918,4.
5919,4.
5920,4.
5921,4.
5922,4.
5923,4.
5924,4.
5925,4.
5926,4.
5927,4.
5928,4.
5929,4.
5930,4.
5931,4.
5932,4.
5933,4.
5934,4.
5935,4.
5936,4.
5937,4.
5938,4.
5939,4.
5940,4.
5941,4.
5942,4.
5943,4.
5944,4.
5945,4.
5946,4.
5947,4.
5948,4.
5949,4.
5950,4.
5951,4.
5952,4.
5953,4.
5954,4.
5955,4.
5956,4.
5957,4.
5958,4.
5959,4.
5960,4.
5961,4.
5962,4.
5963,4.
5964,4.
5965,4.
5966,4.
5967,4.
5968,4.
5969,4.
5970,4.
5971,4.
5972,4.
5973,4.
5974,4.
5975,4.
5976,4.
5977,4.
5978,4.
5979,4.
5980,4.
5981,4.
5982,4.
5983,4.
5984,4.
5985,4.
5986,4.
5987,4.
5988,4.
5989,4.
5990,4.
5991,4.
5992,4.
5993,4.
5994,4.
5995,4.
5996,4.
5997,4.
5998,4.
5999,4.
6000,4.
6001,4.
6002,4.
6003,4.
6004,4.
6005,4.
6006,4.
6007,4.
6008,4.
6009,4.
6010,4.
6011,4.
6012,4.
6013,4.
6014,4.
6015,4.
6016,4.
6017,4.
6018,4.
6019,4.
6020,4.
6021,4.
6022,4.
6023,4.
6024,4.
6025,4.
6026,4.
6027,4.
6028,4.
6029,4.
6030,4.
6031,4.
6032,4.
6033,4.
6034,4.
6035,4.
6036,4.
6037,4.
6038,4.
6039,4.
6040,4.
6041,4.
6042,4.
6043,4.
6044,4.
6045,4.
6046,4.
6047,4.
6048,4.
6049,4.
6050,4.
6051,4.
6052,4.
6053,4.
6054,4.
6055,4.
6056,4.
6057,4.
6058,4.
6059,4.
6060,4.
6061,4.
6062,4.
6063,4.
6064,4.
6065,4.
6066,4.
6067,4.
6068,4.
6069,4.
6070,4.
6071,4.
6072,4.
6073,4.
6074,4.
6075,4.
6076,4.
6077,4.
6078,4.
6079,4.
6080,4.
6081,4.
6082,4.
6083,4.
6084,4.
6085,4.
6086,4.
6087,4.
6088,4.
6089,4.
6090,4.
6091,4.
6092,4.
6093,4.
6094,4.
6095,4.
6096,4.
6097,4.
6098,4.
6099,4.
6100,4.
6101,4.
6102,4.
6103,4.
6104,4.
6105,4.
6106,4.
6107,4.
6108,4.
6109,4.
6110,4.
6111,4.
6112,4.
6113,4.
6114,4.
6115,4.
6116,4.
6117,4.
6118,4.
6119,4.
6120,4.
6121,4.
6122,4.
6123,4.
6124,4.
6125,4.
6126,4.
6127,4.
6128,4.
6129,4.
6130,4.
6131,4.
6132,4.
6133,4.
6134,4.
6135,4.
6136,4.
6137,4.
6138,4.
6139,4.
6140,4.
6141,4.
6142,4.
6143,4.
6144,4.
6145,4.
6146,4.
6147,4.
6148,4.
6149,4.
6150,4.
6151,4.
6152,4.
6153,4.
6154,4.
6155,4.
6156,4.
6157,4.
6158,4.
6159,4.
6160,4.
6161,4.
6162,4.
6163,4.
6164,4.
6165,4.
6166,4.
6167,4.
6168,4.
6169,4.
6170,4.
6171,4.
6172,4.
6173,4.
6174,4.
6175,4.
6176,4.
6177,4.
6178,4.
6179,4.
6180,4.
6181,4.
6182,4.
6183,4.
6184,4.
6185,4.
6186,4.
6187,4.
6188,4.
6189,4.
6190,4.
6191,4.
6192,4.
6193,4.
6194,4.
6195,4.
6196,4.
6197,4.
6198,4.
6199,4.
6200,4.
6201,4.
6202,4.
6203,4.
6204,4.
6205,4.
6206,4.
6207,4.
6208,4.
6209,4.
6210,4.
6211,4.
6212,4.
6213,4.
6214,4.
6215,4.
6216,4.
6217,4.
6218,4.
6219,4.
6220,4.
6221,4.
6222,4.
6223,4.
6224,4.
6225,4.
6226,4.
6227,4.
6228,4.
6229,4.
6230,4.
6231,4.
6232,4.
6233,4.
6234,4.
6235,4.
6236,4.
6237,4.
6238,4.
6239,4.
6240,4.
6241,4.
6242,4.
6243,4.
6244,4.
6245,4.
6246,4.
6247,4.
6248,4.
6249,4.
6250,4.
6251,4.
6252,4.
6253,4.
6254,4.
6255,4.
6256,4.
6257,4.
6258,4.
6259,4.
6260,4.
6261,4.
6262,4.
6263,4.
6264,4.
6265,4.
6266,4.
6267,4.
6268,4.
6269,4.
6270,4.
6271,4.
6272,4.
6273,4.
6274,4.
6275,4.
6276,4.
6277,4.
6278,4.
6279,4.
6280,4.
6281,4.
6282,4.
6283,4.
6284,4.
6285,4.
6286,4.
6287,4.
6288,4.
6289,4.
6290,4.
6291,4.
6292,4.
6293,4.
6294,4.
6295,4.
6296,4.
6297,4.
6298,4.
6299,4.
6300,4.
6301,4.
6302,4.
6303,4.
6304,4.
6305,4.
6306,4.
6307,4.
6308,4.
6309,4.
6310,4.
6311,4.
6312,4.
6313,4.
6314,4.
6315,4.
6316,4.
6317,4.
6318,4.
6319,4.
6320,4.
6321,4.
6322,4.
6323,4.
6324,4.
6325,4.
6326,4.
6327,4.
6328,4.
6329,4.
6330,4.
6331,4.
6332,4.
6333,4.
6334,4.
6335,4.
6336,4.
6337,4.
6338,4.
6339,4.
6340,4.
6341,4.
6342,4.
6343,4.
6344,4.
6345,4.
6346,4.
6347,4.
6348,4.
6349,4.
6350,4.
6351,4.
6352,4.
6353,4.
6354,4.
6355,4.
6356,4.
6357,4.
6358,4.
6359,4.
6360,4.
6361,4.
6362,4.
6363,4.
6364,4.
6365,4.
6366,4.
6367,4.
6368,4.
6369,4.
6370,4.
6371,4.
6372,4.
6373,4.
6374,4.
6375,4.
6376,4.
6377,4.
6378,4.
6379,4.
6380,4.
6381,4.
6382,4.
6383,4.
6384,4.
6385,4.
6386,4.
6387,4.
6388,4.
6389,4.
6390,4.
6391,4.
6392,4.
6393,4.
6394,4.
6395,4.
6396,4.
6397,4.
6398,4.
6399,4.
6400,4.
6401,4.
6402,4.
6403,4.
6404,4.
6405,4.
6406,4.
6407,4.
6408,4.
6409,4.
6410,4.
6411,4.
6412,4.
6413,4.
6414,4.
6415,4.
6416,4.
6417,4.
6418,4.
6419,4.
6420,4.
6421,4.
6422,4.
6423,4.
6424,4.
6425,4.
6426,4.
6427,4.
6428,4.
6429,4.
6430,4.
6431,4.
6432,4.
6433,4.
6434,4.
6435,4.
6436,4.
6437,4.
6438,4.
6439,4.
6440,4.
6441,4.
6442,4.
6443,4.
6444,4.
6445,4.
6446,4.
6447,4.
6448,4.
6449,4.
6450,4.
6451,4.
6452,4.
6453,4.
6454,4.
6455,4.
6456,4.
6457,4.
6458,4.
6459,4.
6460,4.
6461,4.
6462,4.
6463,4.
6464,4.
6465,4.
6466,4.
6467,4.
6468,4.
6469,4.
6470,4.
6471,4.
6472,4.
6473,4.
6474,4.
6475,4.
6476,4.
6477,4.
6478,4.
6479,4.
6480,4.
6481,4.
6482,4.
6483,4.
6484,4.
6485,4.
6486,4.
6487,4.
6488,4.
6489,4.
6490,4.
6491,4.
6492,4.
6493,4.
6494,4.
6495,4.
6496,4.
6497,4.
6498,4.
6499,4.
6500,4.
6501,4.
6502,4.
6503,4.
6504,4.
6505,4.
6506,4.
6507,4.
6508,4.
6509,4.
6510,4.
6511,4.
6512,4.
6513,4.
6514,4.
6515,4.
6516,4.
6517,4.
6518,4.
6519,4.
6520,4.
6521,4.
6522,4.
6523,4.
6524,4.
6525,4.
6526,4.
6527,4.
6528,4.
6529,4.
6530,4.
6531,4.
6532,4.
6533,4.
6534,4.
6535,4.
6536,4.
6537,4.
6538,4.
6539,4.
6540,4.
6541,4.
6542,4.
6543,4.
6544,4.
6545,4.
6546,4.
6547,4.
6548,4.
6549,4.
6550,4.
6551,4.
6552,4.
6553,4.
6554,4.
6555,4.
6556,4.
6557,4.
6558,4.
6559,4.
6560,4.
6561,4.
6562,4.
6563,4.
6564,4.
6565,4.
6566,4.
6567,4.
6568,4.
6569,4.
6570,4.
6571,4.
6572,4.
6573,4.
6574,4.
6575,4.
6576,4.
6577,4.
6578,4.
6579,4.
6580,4.
6581,4.
6582,4.
6583,4.
6584,4.
6585,4.
6586,4.
6587,4.
6588,4.
6589,4.
6590,4.
6591,4.
6592,4.
6593,4.
6594,4.
6595,4.
6596,4.
6597,4.
6598,4.
6599,4.
6600,4.
6601,4.
6602,4.
6603,4.
6604,4.
6605,4.
6606,4.
6607,4.
6608,4.
6609,4.
6610,4.
6611,4.
6612,4.
6613,4.
6614,4.
6615,4.
6616,4.
6617,4.
6618,4.
6619,4.
6620,4.
6621,4.
6622,4.
6623,4.
6624,4.
6625,4.
6626,4.
6627,4.
6628,4.
6629,4.
6630,4.
6631,4.
6632,4.
6633,4.
6634,4.
6635,4.
6636,4.
6637,4.
6638,4.
6639,4.
6640,4.
6641,4.
6642,4.
6643,4.
6644,4.
6645,4.
6646,4.
6647,4.
6648,4.
6649,4.
6650,4.
6651,4.
6652,4.
6653,4.
6654,4.
6655,4.
6656,4.
6657,4.
6658,4.
6659,4.
6660,4.
6661,4.
6662,4.
6663,4.
6664,4.
6665,4.
6666,4.
6667,4.
6668,4.
6669,4.
6670,4.
6671,4.
6672,4.
6673,4.
6674,4.
6675,4.
6676,4.
6677,4.
6678,4.
6679,4.
6680,4.
6681,4.
6682,4.
6683,4.
6684,4.
6685,4.
6686,4.
6687,4.
6688,4.
6689,4.
6690,4.
6691,4.
6692,4.
6693,4.
6694,4.
6695,4.
6696,4.
6697,4.
6698,4.
6699,4.
6700,4.
6701,4.
6702,4.
6703,4.
6704,4.
6705,4.
6706,4.
6707,4.
6708,4.
6709,4.
6710,4.
6711,4.
6712,4.
6713,4.
6714,4.
6715,4.
6716,4.
6717,4.
6718,4.
6719,4.
6720,4.
6721,4.
6722,4.
6723,4.
6724,4.
6725,4.
6726,4.
6727,4.
6728,4.
6729,4.
6730,4.
6731,4.
6732,4.
6733,4.
6734,4.
6735,4.
6736,4.
6737,4.
6738,4.
6739,4.
6740,4.
6741,4.
6742,4.
6743,4.
6744,4.
6745,4.
6746,4.
6747,4.
6748,4.
6749,4.
6750,4.
6751,4.
6752,4.
6753,4.
6754,4.
6755,4.
6756,4.
6757,4.
6758,4.
6759,4.
6760,4.
6761,4.
6762,4.
6763,4.
6764,4.
6765,4.
6766,4.
6767,4.
6768,4.
6769,4.
6770,4.
6771,4.
6772,4.
6773,4.
6774,4.
6775,4.
6776,4.
6777,4.
6778,4.
6779,4.
6780,4.
6781,4.
6782,4.
6783,4.
6784,4.
6785,4.
6786,4.
6787,4.
6788,4.
6789,4.
6790,4.
6791,4.
6792,4.
6793,4.
6794,4.
6795,4.
6796,4.
6797,4.
6798,4.
6799,4.
6800,4.
6801,4.
6802,4.
6803,4.
6804,4.
6805,4.
6806,4.
6807,4.
6808,4.
6809,4.
6810,4.
6811,4.
6812,4.
6813,4.
6814,4.
6815,4.
6816,4.
6817,4.
6818,4.
6819,4.
6820,4.
6821,4.
6822,4.
6823,4.
6824,4.
6825,4.
6826,4.
6827,4.
6828,4.
6829,4.
6830,4.
6831,4.
6832,4.
6833,4.
6834,4.
6835,4.
6836,4.
6837,4.
6838,4.
6839,4.
6840,4.
6841,4.
6842,4.
6843,4.
6844,4.
6845,4.
6846,4.
6847,4.
6848,4.
6849,4.
6850,4.
6851,4.
6852,4.
6853,4.
6854,4.
6855,4.
6856,4.
6857,4.
6858,4.
6859,4.
6860,4.
6861,4.
6862,4.
6863,4.
6864,4.
6865,4.
6866,4.
6867,4.
6868,4.
6869,4.
6870,4.
6871,4.
6872,4.
6873,4.
6874,4.
6875,4.
6876,4.
6877,4.
6878,4.
6879,4.
6880,4.
6881,4.
6882,4.
6883,4.
6884,4.
6885,4.
6886,4.
6887,4.
6888,4.
6889,4.
6890,4.
6891,4.
6892,4.
6893,4.
6894,4.
6895,4.
6896,4.
6897,4.
6898,4.
6899,4.
6900,4.
6901,4.
6902,4.
6903,4.
6904,4.
6905,4.
6906,4.
6907,4.
6908,4.
6909,4.
6910,4.
6911,4.
6912,4.
6913,4.
6914,4.
6915,4.
6916,4.
6917,4.
6918,4.
6919,4.
6920,4.
6921,4.
6922,4.
6923,4.
6924,4.
6925,4.
6926,4.
6927,4.
6928,4.
6929,4.
6930,4.
6931,4.
6932,4.
6933,4.
6934,4.
6935,4.
6936,4.
6937,4.
6938,4.
6939,4.
6940,4.
6941,4.
6942,4.
6943,4.
6944,4.
6945,4.
6946,4.
6947,4.
6948,4.
6949,4.
6950,4.
6951,4.
6952,4.
6953,4.
6954,4.
6955,4.
6956,4.
6957,4.
6958,4.
6959,4.
6960,4.
6961,4.
6962,4.
6963,4.
6964,4.
6965,4.
6966,4.
6967,4.
6968,4.
6969,4.
6970,4.
6971,4.
6972,4.
6973,4.
6974,4.
6975,4.
6976,4.
6977,4.
6978,4.
6979,4.
6980,4.
6981,4.
6982,4.
6983,4.
6984,4.
6985,4.
6986,4.
6987,4.
6988,4.
6989,4.
6990,4.
6991,4.
6992,4.
6993,4.
6994,4.
6995,4.
6996,4.
6997,4.
6998,4.
6999,4.
7000,4.
7001,4.
7002,4.
7003,4.
7004,4.
7005,4.
7006,4.
7007,4.
7008,4.
7009,4.
7010,4.
7011,4.
7012,4.
7013,4.
7014,4.
7015,4.
7016,4.
7017,4.
7018,4.
7019,4.
7020,4.
7021,4.
7022,4.
7023,4.
7024,4.
7025,4.
7026,4.
7027,4.
7028,4.
7029,4.
7030,4.
7031,4.
7032,4.
7033,4.
7034,4.
7035,4.
7036,4.
7037,4.
7038,4.
7039,4.
7040,4.
7041,4.
7042,4.
7043,4.
7044,4.
7045,4.
7046,4.
7047,4.
7048,4.
7049,4.
7050,4.
7051,4.
7052,4.
7053,4.
7054,4.
7055,4.
7056,4.
7057,4.
7058,4.
7059,4.
7060,4.
7061,4.
7062,4.
7063,4.
7064,4.
7065,4.
7066,4.
7067,4.
7068,4.
7069,4.
7070,4.
7071,4.
7072,4.
7073,4.
7074,4.
7075,4.
7076,4.
7077,4.
7078,4.
7079,4.
7080,4.
7081,4.
7082,4.
7083,4.
7084,4.
7085,4.
7086,4.
7087,4.
7088,4.
7089,4.
7090,4.
7091,4.
7092,4.
7093,4.
7094,4.
7095,4.
7096,4.
7097,4.
7098,4.
7099,4.
7100,4.
7101,4.
7102,4.
7103,4.
7104,4.
7105,4.
7106,4.
7107,4.
7108,4.
7109,4.
7110,4.
7111,4.
7112,4.
7113,4.
7114,4.
7115,4.
7116,4.
7117,4.
7118,4.
7119,4.
7120,4.
7121,4.
7122,4.
7123,4.
7124,4.
7125,4.
7126,4.
7127,4.
7128,4.
7129,4.
7130,4.
7131,4.
7132,4.
7133,4.
7134,4.
7135,4.
7136,4.
7137,4.
7138,4.
7139,4.
7140,4.
7141,4.
7142,4.
7143,4.
7144,4.
7145,4.
7146,4.
7147,4.
7148,4.
7149,4.
7150,4.
7151,4.
7152,4.
7153,4.
7154,4.
7155,4.
7156,4.
7157,4.
7158,4.
7159,4.
7160,4.
7161,4.
7162,4.
7163,4.
7164,4.
7165,4.
7166,4.
7167,4.
7168,4.
7169,4.
7170,4.
7171,4.
7172,4.
7173,4.
7174,4.
7175,4.
7176,4.
7177,4.
7178,4.
7179,4.
7180,4.
7181,4.
7182,4.
7183,4.
7184,4.
7185,4.
7186,4.
7187,4.
7188,4.
7189,4.
7190,4.
7191,4.
7192,4.
7193,4.
7194,4.
7195,4.
7196,4.
7197,4.
7198,4.
7199,4.
7200,4.
7201,4.
7202,4.
7203,4.
7204,4.
7205,4.
7206,4.
7207,4.
7208,4.
7209,4.
7210,4.
7211,4.
7212,4.
7213,4.
7214,4.
7215,4.
7216,4.
7217,4.
7218,4.
7219,4.
7220,4.
7221,4.
7222,4.
7223,4.
7224,4.
7225,4.
7226,4.
7227,4.
7228,4.
7229,4.
7230,4.
7231,4.
7232,4.
7233,4.
7234,4.
7235,4.
7236,4.
7237,4.
7238,4.
7239,4.
7240,4.
7241,4.
7242,4.
7243,4.
7244,4.
7245,4.
7246,4.
7247,4.
7248,4.
7249,4.
7250,4.
7251,4.
7252,4.
7253,4.
7254,4.
7255,4.
7256,4.
7257,4.
7258,4.
7259,4.
7260,4.
7261,4.
7262,4.
7263,4.
7264,4.
7265,4.
7266,4.
7267,4.
7268,4.
7269,4.
7270,4.
7271,4.
7272,4.
7273,4.
7274,4.
7275,4.
7276,4.
7277,4.
7278,4.
7279,4.
7280,4.
7281,4.
7282,4.
7283,4.
7284,4.
7285,4.
7286,4.
7287,4.
7288,4.
7289,4.
7290,4.
7291,4.
7292,4.
7293,4.
7294,4.
7295,4.
7296,4.
7297,4.
7298,4.
7299,4.
7300,4.
7301,4.
7302,4.
7303,4.
7304,4.
7305,4.
7306,4.
7307,4.
7308,4.
7309,4.
7310,4.
7311,4.
7312,4.
7313,4.
7314,4.
7315,4.
7316,4.
7317,4.
7318,4.
7319,4.
7320,4.
7321,4.
7322,4.
7323,4.
7324,4.
7325,4.
7326,4.
7327,4.
7328,4.
7329,4.
7330,4.
7331,4.
7332,4.
7333,4.
7334,4.
7335,4.
7336,4.
7337,4.
7338,4.
7339,4.
7340,4.
7341,4.
7342,4.
7343,4.
7344,4.
7345,4.
7346,4.
7347,4.
7348,4.
7349,4.
7350,4.
7351,4.
7352,4.
7353,4.
7354,4.
7355,4.
7356,4.
7357,4.
7358,4.
7359,4.
7360,4.
7361,4.
7362,4.
7363,4.
7364,4.
7365,4.
7366,4.
7367,4.
7368,4.
7369,4.
7370,4.
7371,4.
7372,4.
7373,4.
7374,4.
7375,4.
7376,4.
7377,4.
7378,4.
7379,4.
7380,4.
7381,4.
7382,4.
7383,4.
7384,4.
7385,4.
7386,4.
7387,4.
7388,4.
7389,4.
7390,4.
7391,4.
7392,4.
7393,4.
7394,4.
7395,4.
7396,4.
7397,4.
7398,4.
7399,4.
7400,4.
7401,4.
7402,4.
7403,4.
7404,4.
7405,4.
7406,4.
7407,4.
7408,4.
7409,4.
7410,4.
7411,4.
7412,4.
7413,4.
7414,4.
7415,4.
7416,4.
7417,4.
7418,4.
7419,4.
7420,4.
7421,4.
7422,4.
7423,4.
7424,4.
7425,4.
7426,4.
7427,4.
7428,4.
7429,4.
7430,4.
7431,4.
7432,4.
7433,4.
7434,4.
7435,4.
7436,4.
7437,4.
7438,4.
7439,4.
7440,4.
7441,4.
7442,4.
7443,4.
7444,4.
7445,4.
7446,4.
7447,4.
7448,4.
7449,4.
7450,4.
7451,4.
7452,4.
7453,4.
7454,4.
7455,4.
7456,4.
7457,4.
7458,4.
7459,4.
7460,4.
7461,4.
7462,4.
7463,4.
7464,4.
7465,4.
7466,4.
7467,4.
7468,4.
7469,4.
7470,4.
7471,4.
7472,4.
7473,4.
7474,4.
7475,4.
7476,4.
7477,4.
7478,4.
7479,4.
7480,4.
7481,4.
7482,4.
7483,4.
7484,4.
7485,4.
7486,4.
7487,4.
7488,4.
7489,4.
7490,4.
7491,4.
7492,4.
7493,4.
7494,4.
7495,4.
7496,4.
7497,4.
7498,4.
7499,4.
7500,4.
7501,4.
7502,4.
7503,4.
7504,4.
7505,4.
7506,4.
7507,4.
7508,4.
7509,4.
7510,4.
7511,4.
7512,4.
7513,4.
7514,4.
7515,4.
7516,4.
7517,4.
7518,4.
7519,4.
7520,4.
7521,4.
7522,4.
7523,4.
7524,4.
7525,4.
7526,4.
7527,4.
7528,4.
7529,4.
7530,4.
7531,4.
7532,4.
7533,4.
7534,4.
7535,4.
7536,4.
7537,4.
7538,4.
7539,4.
7540,4.
7541,4.
7542,4.
7543,4.
7544,4.
7545,4.
7546,4.
7547,4.
7548,4.
7549,4.
7550,4.
7551,4.
7552,4.
7553,4.
7554,4.
7555,4.
7556,4.
7557,4.
7558,4.
7559,4.
7560,4.
7561,4.
7562,4.
7563,4.
7564,4.
7565,4.
7566,4.
7567,4.
7568,4.
7569,4.
7570,4.
7571,4.
7572,4.
7573,4.
7574,4.
7575,4.
7576,4.
7577,4.
7578,4.
7579,4.
7580,4.
7581,4.
7582,4.
7583,4.
7584,4.
7585,4.
7586,4.
7587,4.
7588,4.
7589,4.
7590,4.
7591,4.
7592,4.
7593,4.
7594,4.
7595,4.
7596,4.
7597,4.
7598,4.
7599,4.
7600,4.
7601,4.
7602,4.
7603,4.
7604,4.
7605,4.
7606,4.
7607,4.
7608,4.
7609,4.
7610,4.
7611,4.
7612,4.
7613,4.
7614,4.
7615,4.
7616,4.
7617,4.
7618,4.
7619,4.
7620,4.
7621,4.
7622,4.
7623,4.
7624,4.
7625,4.
7626,4.
7627,4.
7628,4.
7629,4.
7630,4.
7631,4.
7632,4.
7633,4.
7634,4.
7635,4.
7636,4.
7637,4.
7638,4.
7639,4.
7640,4.
7641,4.
7642,4.
7643,4.
7644,4.
7645,4.
7646,4.
7647,4.
7648,4.
7649,4.
7650,4.
7651,4.
7652,4.
7653,4.
7654,4.
7655,4.
7656,4.
7657,4.
7658,4.
7659,4.
7660,4.
7661,4.
7662,4.
7663,4.
7664,4.
7665,4.
7666,4.
7667,4.
7668,4.
7669,4.
7670,4.
7671,4.
7672,4.
7673,4.
7674,4.
7675,4.
7676,4.
7677,4.
7678,4.
7679,4.
7680,4.
7681,4.
7682,4.
7683,4.
7684,4.
7685,4.
7686,4.
7687,4.
7688,4.
7689,4.
7690,4.
7691,4.
7692,4.
7693,4.
7694,4.
7695,4.
7696,4.
7697,4.
7698,4.
7699,4.
7700,4.
7701,4.
7702,4.
7703,4.
7704,4.
7705,4.
7706,4.
7707,4.
7708,4.
7709,4.
7710,4.
7711,4.
7712,4.
7713,4.
7714,4.
7715,4.
7716,4.
7717,4.
7718,4.
7719,4.
7720,4.
7721,4.
7722,4.
7723,4.
7724,4.
7725,4.
7726,4.
7727,4.
7728,4.
7729,4.
7730,4.
7731,4.
7732,4.
7733,4.
7734,4.
7735,4.
7736,4.
7737,4.
7738,4.
7739,4.
7740,4.
7741,4.
7742,4.
7743,4.
7744,4.
7745,4.
7746,4.
7747,4.
7748,4.
7749,4.
7750,4.
7751,4.
7752,4.
7753,4.
7754,4.
7755,4.
7756,4.
7757,4.
7758,4.
7759,4.
7760,4.
7761,4.
7762,4.
7763,4.
7764,4.
7765,4.
7766,4.
7767,4.
7768,4.
7769,4.
7770,4.
7771,4.
7772,4.
7773,4.
7774,4.
7775,4.
7776,4.
7777,4.
7778,4.
7779,4.
7780,4.
7781,4.
7782,4.
7783,4.
7784,4.
7785,4.
7786,4.
7787,4.
7788,4.
7789,4.
7790,4.
7791,4.
7792,4.
7793,4.
7794,4.
7795,4.
7796,4.
7797,4.
7798,4.
7799,4.
7800,4.
7801,4.
7802,4.
7803,4.
7804,4.
7805,4.
7806,4.
7807,4.
7808,4.
7809,4.
7810,4.
7811,4.
7812,4.
7813,4.
7814,4.
7815,4.
7816,4.
7817,4.
7818,4.
7819,4.
7820,4.
7821,4.
7822,4.
7823,4.
7824,4.
7825,4.
7826,4.
7827,4.
7828,4.
7829,4.
7830,4.
7831,4.
7832,4.
7833,4.
7834,4.
7835,4.
7836,4.
7837,4.
7838,4.
7839,4.
7840,4.
7841,4.
7842,4.
7843,4.
7844,4.
7845,4.
7846,4.
7847,4.
7848,4.
7849,4.
7850,4.
7851,4.
7852,4.
7853,4.
7854,4.
7855,4.
7856,4.
7857,4.
7858,4.
7859,4.
7860,4.
7861,4.
7862,4.
7863,4.
7864,4.
7865,4.
7866,4.
7867,4.
7868,4.
7869,4.
7870,4.
7871,4.
7872,4.
7873,4.
7874,4.
7875,4.
7876,4.
7877,4.
7878,4.
7879,4.
7880,4.
7881,4.
7882,4.
7883,4.
7884,4.
7885,4.
7886,4.
7887,4.
7888,4.
7889,4.
7890,4.
7891,4.
7892,4.
7893,4.
7894,4.
7895,4.
7896,4.
7897,4.
7898,4.
7899,4.
7900,4.
7901,4.
7902,4.
7903,4.
7904,4.
7905,4.
7906,4.
7907,4.
7908,4.
7909,4.
7910,4.
7911,4.
7912,4.
7913,4.
7914,4.
7915,4.
7916,4.
7917,4.
7918,4.
7919,4.
7920,4.
7921,4.
7922,4.
7923,4.
7924,4.
7925,4.
7926,4.
7927,4.
7928,4.
7929,4.
7930,4.
7931,4.
7932,4.
7933,4.
7934,4.
7935,4.
7936,4.
7937,4.
7938,4.
7939,4.
7940,4.
7941,4.
7942,4.
7943,4.
7944,4.
7945,4.
7946,4.
7947,4.
7948,4.
7949,4.
7950,4.
7951,4.
7952,4.
7953,4.
7954,4.
7955,4.
7956,4.
7957,4.
7958,4.
7959,4.
7960,4.
7961,4.
7962,4.
7963,4.
7964,4.
7965,4.
7966,4.
7967,4.
7968,4.
7969,4.
7970,4.
7971,4.
7972,4.
7973,4.
7974,4.
7975,4.
7976,4.
7977,4.
7978,4.
7979,4.
7980,4.
7981,4.
7982,4.
7983,4.
7984,4.
7985,4.
7986,4.
7987,4.
7988,4.
7989,4.
7990,4.
7991,4.
7992,4.
7993,4.
7994,4.
7995,4.
7996,4.
7997,4.
7998,4.
7999,4.
8000,4.
8001,4.
8002,4.
8003,4.
8004,4.
8005,4.
8006,4.
8007,4.
8008,4.
8009,4.
8010,4.
8011,4.
8012,4.
8013,4.
8014,4.
8015,4.
8016,4.
8017,4.
8018,4.
8019,4.
8020,4.
8021,4.
8022,4.
8023,4.
8024,4.
8025,4.
8026,4.
8027,4.
8028,4.
8029,4.
8030,4.
8031,4.
8032,4.
8033,4.
8034,4.
8035,4.
8036,4.
8037,4.
8038,4.
8039,4.
8040,4.
8041,4.
8042,4.
8043,4.
8044,4.
8045,4.
8046,4.
8047,4.
8048,4.
8049,4.
8050,4.
8051,4.
8052,4.
8053,4.
8054,4.
8055,4.
8056,4.
8057,4.
8058,4.
8059,4.
8060,4.
8061,4.
8062,4.
8063,4.
8064,4.
8065,4.
8066,4.
8067,4.
8068,4.
8069,4.
8070,4.
8071,4.
8072,4.
8073,4.
8074,4.
8075,4.
8076,4.
8077,4.
8078,4.
8079,4.
8080,4.
8081,4.
8082,4.
8083,4.
8084,4.
8085,4.
8086,4.
8087,4.
8088,4.
8089,4.
8090,4.
8091,4.
8092,4.
8093,4.
8094,4.
8095,4.
8096,4.
8097,4.
8098,4.
8099,4.
8100,4.
8101,4.
8102,4.
8103,4.
8104,4.
8105,4.
8106,4.
8107,4.
8108,4.
8109,4.
8110,4.
8111,4.
8112,4.
8113,4.
8114,4.
8115,4.
8116,4.
8117,4.
8118,4.
8119,4.
8120,4.
8121,4.
8122,4.
8123,4.
8124,4.
8125,4.
8126,4.
8127,4.
8128,4.
8129,4.
8130,4.
8131,4.
8132,4.
8133,4.
8134,4.
8135,4.
8136,4.
8137,4.
8138,4.
8139,4.
8140,4.
8141,4.
8142,4.
8143,4.
8144,4.
8145,4.
8146,4.
8147,4.
8148,4.
8149,4.
8150,4.
8151,4.
8152,4.
8153,4.
8154,4.
8155,4.
8156,4.
8157,4.
8158,4.
8159,4.
8160,4.
8161,4.
8162,4.
8163,4.
8164,4.
8165,4.
8166,4.
8167,4.
8168,4.
8169,4.
8170,4.
8171,4.
8172,4.
8173,4.
8174,4.
8175,4.
8176,4.
8177,4.
8178,4.
8179,4.
8180,4.
8181,4.
8182,4.
8183,4.
8184,4.
8185,4.
8186,4.
8187,4.
8188,4.
8189,4.
8190,4.
8191,4.
8192,4.
